Transaction ID,Date,Customer ID,Gender,Age,Product Category,Quantity,Price per Unit,Total Amount,Month-Year,Age Group,Cost per Unit,Inventory Days,Profit Margin %,Inventory Turnover
1,2023-11-24,CUST001,Male,34,Beauty,3,50,150,2023-11,Young Adult,37.19,59,25.62,0.05
2,2023-02-27,CUST002,Female,26,Clothing,2,500,1000,2023-02,Young Adult,407.3,37,18.54,0.05
3,2023-01-13,CUST003,Male,50,Electronics,1,30,30,2023-01,Adult,21.98,79,26.73,0.01
4,2023-05-21,CUST004,Male,37,Clothing,1,500,500,2023-05,Adult,360.41,25,27.92,0.04
5,2023-05-06,CUST005,Male,30,Beauty,2,50,100,2023-05,Young Adult,36.48,20,27.04,0.1
6,2023-04-25,CUST006,Female,45,Beauty,1,30,30,2023-04,Adult,26.96,46,10.13,0.02
7,2023-03-13,CUST007,Male,46,Clothing,2,25,50,2023-03,Adult,20.41,46,18.36,0.04
8,2023-02-22,CUST008,Male,30,Electronics,4,25,100,2023-02,Young Adult,17.87,67,28.52,0.06
9,2023-12-13,CUST009,Male,63,Electronics,2,300,600,2023-12,Senior,232.4,85,22.53,0.02
10,2023-10-07,CUST010,Female,52,Clothing,4,50,200,2023-10,Senior,37.81,37,24.38,0.11
11,2023-02-14,CUST011,Male,23,Clothing,2,50,100,2023-02,Youth,41.18,30,17.64,0.07
12,2023-10-30,CUST012,Male,35,Beauty,3,25,75,2023-10,Young Adult,19.65,54,21.4,0.06
13,2023-08-05,CUST013,Male,22,Electronics,3,500,1500,2023-08,Youth,368.24,83,26.35,0.04
14,2023-01-17,CUST014,Male,64,Clothing,4,30,120,2023-01,Senior,21.05,14,29.83,0.29
15,2023-01-16,CUST015,Female,42,Electronics,4,500,2000,2023-01,Adult,355.18,43,28.96,0.09
16,2023-02-17,CUST016,Male,19,Clothing,3,500,1500,2023-02,Youth,379.6,15,24.08,0.2
17,2023-04-22,CUST017,Female,27,Clothing,4,25,100,2023-04,Young Adult,20.89,72,16.44,0.06
18,2023-04-30,CUST018,Female,47,Electronics,2,25,50,2023-04,Adult,18.11,89,27.56,0.02
19,2023-09-16,CUST019,Female,62,Clothing,2,25,50,2023-09,Senior,20.24,68,19.04,0.03
20,2023-11-05,CUST020,Male,22,Clothing,3,300,900,2023-11,Youth,268.35,75,10.55,0.04
21,2023-01-14,CUST021,Female,50,Beauty,1,500,500,2023-01,Adult,364.2,15,27.16,0.07
22,2023-10-15,CUST022,Male,18,Clothing,2,50,100,2023-10,Teen,40.79,85,18.42,0.02
23,2023-04-12,CUST023,Female,35,Clothing,4,30,120,2023-04,Young Adult,24.95,72,16.83,0.06
24,2023-11-29,CUST024,Female,49,Clothing,1,300,300,2023-11,Adult,269.24,65,10.25,0.02
25,2023-12-26,CUST025,Female,64,Beauty,1,50,50,2023-12,Senior,35.53,29,28.94,0.03
26,2023-10-07,CUST026,Female,28,Electronics,2,500,1000,2023-10,Young Adult,418.91,74,16.22,0.03
27,2023-08-03,CUST027,Female,38,Beauty,2,25,50,2023-08,Adult,18.84,84,24.64,0.02
28,2023-04-23,CUST028,Female,43,Beauty,1,500,500,2023-04,Adult,399.06,53,20.19,0.02
29,2023-08-18,CUST029,Female,42,Electronics,1,30,30,2023-08,Adult,24.81,59,17.3,0.02
30,2023-10-29,CUST030,Female,39,Beauty,3,300,900,2023-10,Adult,268.11,25,10.63,0.12
31,2023-05-23,CUST031,Male,44,Electronics,4,300,1200,2023-05,Adult,238.25,66,20.58,0.06
32,2023-01-04,CUST032,Male,30,Beauty,3,30,90,2023-01,Young Adult,22.27,81,25.77,0.04
33,2023-03-23,CUST033,Female,50,Electronics,2,50,100,2023-03,Adult,38.71,89,22.58,0.02
34,2023-12-24,CUST034,Female,51,Clothing,3,50,150,2023-12,Senior,44.24,77,11.52,0.04
35,2023-08-05,CUST035,Female,58,Beauty,3,300,900,2023-08,Senior,263.39,37,12.2,0.08
36,2023-06-24,CUST036,Male,52,Beauty,3,300,900,2023-06,Senior,257.48,15,14.17,0.2
37,2023-05-23,CUST037,Female,18,Beauty,3,25,75,2023-05,Teen,22.31,84,10.76,0.04
38,2023-03-21,CUST038,Male,38,Beauty,4,50,200,2023-03,Adult,40.44,79,19.12,0.05
39,2023-04-21,CUST039,Male,23,Clothing,4,30,120,2023-04,Youth,22.53,48,24.9,0.08
40,2023-06-22,CUST040,Male,45,Beauty,1,50,50,2023-06,Adult,42.33,10,15.34,0.1
41,2023-02-22,CUST041,Male,34,Clothing,2,25,50,2023-02,Young Adult,21.97,25,12.12,0.08
42,2023-02-17,CUST042,Male,22,Clothing,3,300,900,2023-02,Youth,233.23,28,22.26,0.11
43,2023-07-14,CUST043,Female,48,Clothing,1,300,300,2023-07,Adult,236.55,36,21.15,0.03
44,2023-02-19,CUST044,Female,22,Clothing,1,25,25,2023-02,Youth,19.67,75,21.32,0.01
45,2023-07-03,CUST045,Female,55,Electronics,1,30,30,2023-07,Senior,23.18,57,22.73,0.02
46,2023-06-26,CUST046,Female,20,Electronics,4,300,1200,2023-06,Youth,228.18,28,23.94,0.14
47,2023-11-06,CUST047,Female,40,Beauty,3,500,1500,2023-11,Adult,407.01,41,18.6,0.07
48,2023-05-16,CUST048,Male,54,Electronics,3,300,900,2023-05,Senior,212.82,56,29.06,0.05
49,2023-01-23,CUST049,Female,54,Electronics,2,500,1000,2023-01,Senior,385.12,49,22.98,0.04
50,2023-08-24,CUST050,Female,27,Beauty,3,25,75,2023-08,Young Adult,20.39,57,18.44,0.05
51,2023-10-02,CUST051,Male,27,Beauty,3,25,75,2023-10,Young Adult,17.63,24,29.48,0.12
52,2023-03-05,CUST052,Female,36,Beauty,1,300,300,2023-03,Adult,258.43,80,13.86,0.01
53,2023-07-13,CUST053,Male,34,Electronics,2,50,100,2023-07,Young Adult,38.09,29,23.82,0.07
54,2023-02-10,CUST054,Female,38,Electronics,3,500,1500,2023-02,Adult,433.85,28,13.23,0.11
55,2023-10-10,CUST055,Male,31,Beauty,4,30,120,2023-10,Young Adult,22.84,48,23.87,0.08
56,2023-05-31,CUST056,Female,26,Clothing,3,300,900,2023-05,Young Adult,246.64,21,17.79,0.14
57,2023-11-18,CUST057,Female,63,Beauty,1,30,30,2023-11,Senior,22.67,34,24.43,0.03
58,2023-11-13,CUST058,Male,18,Clothing,4,300,1200,2023-11,Teen,239.04,47,20.32,0.09
59,2023-07-05,CUST059,Male,62,Clothing,1,50,50,2023-07,Senior,43.93,56,12.14,0.02
60,2023-10-23,CUST060,Male,30,Beauty,3,50,150,2023-10,Young Adult,39.68,87,20.64,0.03
61,2023-04-09,CUST061,Male,21,Beauty,4,50,200,2023-04,Youth,39.61,21,20.78,0.19
62,2023-12-27,CUST062,Male,18,Beauty,2,50,100,2023-12,Teen,42.93,82,14.14,0.02
63,2023-02-05,CUST063,Male,57,Electronics,2,25,50,2023-02,Senior,18.41,36,26.36,0.06
64,2023-01-24,CUST064,Male,49,Clothing,4,25,100,2023-01,Adult,18.54,76,25.84,0.05
65,2023-12-05,CUST065,Male,51,Electronics,4,500,2000,2023-12,Senior,440.99,29,11.8,0.14
66,2023-04-27,CUST066,Female,45,Electronics,1,30,30,2023-04,Adult,26.26,21,12.47,0.05
67,2023-05-29,CUST067,Female,48,Beauty,4,300,1200,2023-05,Adult,267.92,41,10.69,0.1
68,2023-02-10,CUST068,Male,25,Electronics,1,300,300,2023-02,Youth,251.88,30,16.04,0.03
69,2023-04-30,CUST069,Female,56,Beauty,3,25,75,2023-04,Senior,19.47,52,22.12,0.06
70,2023-02-21,CUST070,Female,43,Clothing,1,300,300,2023-02,Adult,251.51,17,16.16,0.06
71,2023-07-14,CUST071,Female,51,Beauty,4,25,100,2023-07,Senior,22.31,41,10.76,0.1
72,2023-05-23,CUST072,Female,20,Electronics,4,500,2000,2023-05,Youth,368.02,83,26.4,0.05
73,2023-08-21,CUST073,Male,29,Electronics,3,30,90,2023-08,Young Adult,26.78,25,10.73,0.12
74,2023-11-22,CUST074,Female,18,Beauty,4,500,2000,2023-11,Teen,370.34,59,25.93,0.07
75,2023-07-06,CUST075,Male,61,Beauty,4,50,200,2023-07,Senior,43.97,90,12.06,0.04
76,2023-03-25,CUST076,Female,22,Electronics,2,50,100,2023-03,Youth,40.38,90,19.24,0.02
77,2023-07-09,CUST077,Female,47,Clothing,2,50,100,2023-07,Adult,41.24,76,17.52,0.03
78,2023-07-01,CUST078,Female,47,Clothing,3,500,1500,2023-07,Adult,392.49,48,21.5,0.06
79,2023-04-18,CUST079,Male,34,Beauty,1,300,300,2023-04,Young Adult,212.77,42,29.08,0.02
80,2023-12-10,CUST080,Female,64,Clothing,2,30,60,2023-12,Senior,24.42,17,18.6,0.12
81,2023-05-17,CUST081,Male,40,Electronics,1,50,50,2023-05,Adult,40.89,66,18.22,0.02
82,2023-12-26,CUST082,Female,32,Beauty,4,50,200,2023-12,Young Adult,44.71,35,10.58,0.11
83,2023-12-16,CUST083,Male,54,Electronics,2,50,100,2023-12,Senior,40.91,43,18.18,0.05
84,2023-11-28,CUST084,Female,38,Electronics,3,30,90,2023-11,Adult,24.52,65,18.27,0.05
85,2023-02-06,CUST085,Male,31,Clothing,3,50,150,2023-02,Young Adult,39.74,85,20.52,0.04
86,2023-11-08,CUST086,Male,19,Beauty,3,30,90,2023-11,Youth,22.85,36,23.83,0.08
87,2023-11-22,CUST087,Female,28,Beauty,2,50,100,2023-11,Young Adult,36.57,62,26.86,0.03
88,2023-03-29,CUST088,Male,56,Clothing,1,500,500,2023-03,Senior,351.47,89,29.71,0.01
89,2023-10-01,CUST089,Female,55,Electronics,4,500,2000,2023-10,Senior,398.99,63,20.2,0.06
90,2023-05-06,CUST090,Female,51,Electronics,1,30,30,2023-05,Senior,23.27,18,22.43,0.06
91,2023-03-25,CUST091,Female,55,Electronics,1,500,500,2023-03,Senior,350.55,44,29.89,0.02
92,2023-08-25,CUST092,Female,51,Electronics,4,30,120,2023-08,Senior,26.42,10,11.93,0.4
93,2023-07-14,CUST093,Female,35,Beauty,4,500,2000,2023-07,Young Adult,447.59,28,10.48,0.14
94,2023-05-19,CUST094,Female,47,Beauty,2,500,1000,2023-05,Adult,387.68,33,22.46,0.06
95,2023-11-24,CUST095,Female,32,Clothing,2,30,60,2023-11,Young Adult,23.75,66,20.83,0.03
96,2023-12-19,CUST096,Female,44,Clothing,2,300,600,2023-12,Adult,230.19,71,23.27,0.03
97,2023-10-13,CUST097,Female,51,Beauty,2,500,1000,2023-10,Senior,413.51,37,17.3,0.05
98,2023-04-23,CUST098,Female,55,Beauty,2,50,100,2023-04,Senior,38.28,82,23.44,0.02
99,2023-12-17,CUST099,Female,50,Electronics,4,300,1200,2023-12,Adult,245.22,32,18.26,0.12
100,2023-06-16,CUST100,Male,41,Electronics,1,30,30,2023-06,Adult,23.47,32,21.77,0.03
101,2023-01-29,CUST101,Male,32,Clothing,2,300,600,2023-01,Young Adult,267.77,68,10.74,0.03
102,2023-04-28,CUST102,Female,47,Beauty,2,25,50,2023-04,Adult,21.82,86,12.72,0.02
103,2023-01-17,CUST103,Female,59,Clothing,1,25,25,2023-01,Senior,22.16,19,11.36,0.05
104,2023-06-11,CUST104,Female,34,Beauty,2,500,1000,2023-06,Young Adult,429.38,27,14.12,0.07
105,2023-07-25,CUST105,Female,22,Electronics,1,500,500,2023-07,Youth,377.62,19,24.48,0.05
106,2023-05-18,CUST106,Female,46,Clothing,1,50,50,2023-05,Adult,38.01,15,23.98,0.07
107,2023-02-03,CUST107,Female,21,Clothing,4,300,1200,2023-02,Youth,226.24,80,24.59,0.05
108,2023-04-19,CUST108,Female,27,Beauty,3,25,75,2023-04,Young Adult,19.14,85,23.44,0.04
109,2023-10-18,CUST109,Female,34,Electronics,4,500,2000,2023-10,Young Adult,436.47,50,12.71,0.08
110,2023-06-11,CUST110,Male,27,Clothing,3,300,900,2023-06,Young Adult,223.56,77,25.48,0.04
111,2023-04-19,CUST111,Female,34,Electronics,3,500,1500,2023-04,Young Adult,433.52,57,13.3,0.05
112,2023-12-02,CUST112,Male,37,Clothing,3,500,1500,2023-12,Adult,363.36,32,27.33,0.09
113,2023-09-13,CUST113,Female,41,Electronics,2,25,50,2023-09,Adult,21.28,17,14.88,0.12
114,2023-07-22,CUST114,Female,22,Beauty,4,25,100,2023-07,Youth,21.71,29,13.16,0.14
115,2023-11-26,CUST115,Male,51,Clothing,3,500,1500,2023-11,Senior,384.34,44,23.13,0.07
116,2023-08-23,CUST116,Female,23,Clothing,1,30,30,2023-08,Youth,26.37,83,12.1,0.01
117,2023-03-15,CUST117,Male,19,Electronics,2,500,1000,2023-03,Youth,444.31,34,11.14,0.06
118,2023-05-16,CUST118,Female,30,Electronics,4,500,2000,2023-05,Young Adult,390.06,64,21.99,0.06
119,2023-03-13,CUST119,Female,60,Clothing,3,50,150,2023-03,Senior,43.5,29,13.0,0.1
120,2023-05-07,CUST120,Male,60,Beauty,1,50,50,2023-05,Senior,43.93,78,12.14,0.01
121,2023-10-15,CUST121,Female,28,Electronics,4,50,200,2023-10,Young Adult,38.03,35,23.94,0.11
122,2023-10-03,CUST122,Male,64,Electronics,4,30,120,2023-10,Senior,22.27,66,25.77,0.06
123,2023-05-15,CUST123,Female,40,Electronics,2,30,60,2023-05,Adult,23.04,40,23.2,0.05
124,2023-10-27,CUST124,Male,33,Clothing,4,500,2000,2023-10,Young Adult,401.94,80,19.61,0.05
125,2023-08-08,CUST125,Male,48,Clothing,2,50,100,2023-08,Adult,36.57,39,26.86,0.05
126,2023-10-26,CUST126,Female,28,Clothing,3,30,90,2023-10,Young Adult,24.42,75,18.6,0.04
127,2023-07-24,CUST127,Female,33,Clothing,2,25,50,2023-07,Young Adult,17.83,83,28.68,0.02
128,2023-07-05,CUST128,Male,25,Beauty,1,500,500,2023-07,Youth,436.92,55,12.62,0.02
129,2023-04-23,CUST129,Female,21,Beauty,2,300,600,2023-04,Youth,260.1,59,13.3,0.03
130,2023-03-12,CUST130,Female,57,Clothing,1,500,500,2023-03,Senior,441.82,83,11.64,0.01
131,2023-09-18,CUST131,Female,21,Beauty,2,300,600,2023-09,Youth,244.79,52,18.4,0.04
132,2023-09-10,CUST132,Male,42,Electronics,4,50,200,2023-09,Adult,36.05,24,27.9,0.17
133,2023-02-16,CUST133,Male,20,Electronics,3,300,900,2023-02,Youth,214.78,48,28.41,0.06
134,2023-01-25,CUST134,Male,49,Electronics,1,50,50,2023-01,Adult,39.78,58,20.44,0.02
135,2023-02-26,CUST135,Male,20,Clothing,2,25,50,2023-02,Youth,18.15,63,27.4,0.03
136,2023-03-20,CUST136,Male,44,Electronics,2,300,600,2023-03,Adult,231.82,21,22.73,0.1
137,2023-11-18,CUST137,Male,46,Beauty,2,500,1000,2023-11,Adult,434.24,47,13.15,0.04
138,2023-03-23,CUST138,Male,49,Clothing,4,50,200,2023-03,Adult,41.52,57,16.96,0.07
139,2023-12-15,CUST139,Male,36,Beauty,4,500,2000,2023-12,Adult,361.37,49,27.73,0.08
140,2023-08-05,CUST140,Male,38,Electronics,1,30,30,2023-08,Adult,22.16,42,26.13,0.02
141,2023-11-02,CUST141,Female,22,Electronics,1,50,50,2023-11,Youth,35.4,44,29.2,0.02
142,2023-02-02,CUST142,Male,35,Electronics,4,300,1200,2023-02,Young Adult,267.44,19,10.85,0.21
143,2023-07-17,CUST143,Female,45,Clothing,1,50,50,2023-07,Adult,43.07,50,13.86,0.02
144,2023-07-15,CUST144,Female,59,Beauty,3,500,1500,2023-07,Senior,442.4,13,11.52,0.23
145,2023-11-02,CUST145,Female,39,Clothing,3,25,75,2023-11,Adult,17.58,50,29.68,0.06
146,2023-08-28,CUST146,Male,38,Clothing,4,50,200,2023-08,Adult,38.45,60,23.1,0.07
147,2023-09-28,CUST147,Male,23,Electronics,1,300,300,2023-09,Youth,266.69,76,11.1,0.01
148,2023-05-09,CUST148,Male,18,Clothing,2,30,60,2023-05,Teen,25.37,26,15.43,0.08
149,2023-10-11,CUST149,Male,22,Clothing,3,25,75,2023-10,Youth,22.35,18,10.6,0.17
150,2023-01-06,CUST150,Female,58,Electronics,4,30,120,2023-01,Senior,22.53,69,24.9,0.06
151,2023-12-15,CUST151,Male,29,Clothing,1,50,50,2023-12,Young Adult,36.01,15,27.98,0.07
152,2023-02-28,CUST152,Male,43,Electronics,4,500,2000,2023-02,Adult,417.58,12,16.48,0.33
153,2023-12-16,CUST153,Male,63,Electronics,2,500,1000,2023-12,Senior,390.14,79,21.97,0.03
154,2023-10-02,CUST154,Male,51,Electronics,3,300,900,2023-10,Senior,258.06,13,13.98,0.23
155,2023-05-17,CUST155,Male,31,Electronics,4,500,2000,2023-05,Young Adult,398.57,19,20.29,0.21
156,2023-11-25,CUST156,Female,43,Clothing,4,25,100,2023-11,Adult,21.18,70,15.28,0.06
157,2023-06-24,CUST157,Male,62,Electronics,4,500,2000,2023-06,Senior,423.18,32,15.36,0.12
158,2023-02-27,CUST158,Female,44,Electronics,2,300,600,2023-02,Adult,219.72,23,26.76,0.09
159,2023-05-31,CUST159,Male,26,Clothing,4,50,200,2023-05,Young Adult,43.76,78,12.48,0.05
160,2023-08-11,CUST160,Female,43,Clothing,2,50,100,2023-08,Adult,40.02,41,19.96,0.05
161,2023-03-22,CUST161,Male,64,Beauty,2,500,1000,2023-03,Senior,380.04,18,23.99,0.11
162,2023-08-21,CUST162,Male,39,Clothing,2,30,60,2023-08,Adult,21.06,28,29.8,0.07
163,2023-01-02,CUST163,Female,64,Clothing,3,50,150,2023-01,Senior,40.36,20,19.28,0.15
164,2023-05-15,CUST164,Female,47,Beauty,3,500,1500,2023-05,Adult,402.28,45,19.54,0.07
165,2023-09-14,CUST165,Female,60,Clothing,4,300,1200,2023-09,Senior,235.97,50,21.34,0.08
166,2023-04-02,CUST166,Male,34,Clothing,4,500,2000,2023-04,Young Adult,355.14,72,28.97,0.06
167,2023-09-17,CUST167,Female,43,Clothing,3,50,150,2023-09,Adult,44.98,88,10.04,0.03
168,2023-02-24,CUST168,Male,53,Clothing,1,300,300,2023-02,Senior,255.08,59,14.97,0.02
169,2023-11-17,CUST169,Male,18,Beauty,3,500,1500,2023-11,Teen,388.83,31,22.23,0.1
170,2023-06-02,CUST170,Female,25,Clothing,2,25,50,2023-06,Youth,21.65,71,13.4,0.03
171,2023-11-24,CUST171,Female,52,Clothing,3,300,900,2023-11,Senior,229.92,61,23.36,0.05
172,2023-09-17,CUST172,Male,32,Beauty,2,25,50,2023-09,Young Adult,21.51,68,13.96,0.03
173,2023-11-08,CUST173,Male,64,Electronics,4,30,120,2023-11,Senior,23.87,45,20.43,0.09
174,2023-04-12,CUST174,Female,39,Beauty,1,300,300,2023-04,Adult,220.94,35,26.35,0.03
175,2023-03-20,CUST175,Female,31,Electronics,4,25,100,2023-03,Young Adult,19.18,46,23.28,0.09
176,2023-07-11,CUST176,Female,43,Beauty,2,50,100,2023-07,Adult,38.24,36,23.52,0.06
177,2023-03-24,CUST177,Male,45,Beauty,2,50,100,2023-03,Adult,42.99,19,14.02,0.11
178,2023-10-04,CUST178,Male,40,Clothing,2,30,60,2023-10,Adult,25.25,11,15.83,0.18
179,2023-09-29,CUST179,Male,31,Electronics,1,300,300,2023-09,Young Adult,226.21,48,24.6,0.02
180,2023-01-01,CUST180,Male,41,Clothing,3,300,900,2023-01,Adult,266.46,70,11.18,0.04
181,2023-11-03,CUST181,Male,19,Electronics,4,300,1200,2023-11,Youth,241.9,87,19.37,0.05
182,2023-06-15,CUST182,Male,62,Beauty,4,30,120,2023-06,Senior,25.49,86,15.03,0.05
183,2023-09-08,CUST183,Female,43,Beauty,3,300,900,2023-09,Adult,240.08,42,19.97,0.07
184,2023-01-10,CUST184,Male,31,Electronics,4,50,200,2023-01,Young Adult,37.13,78,25.74,0.05
185,2023-02-27,CUST185,Male,24,Clothing,1,25,25,2023-02,Youth,20.26,27,18.96,0.04
186,2023-07-05,CUST186,Male,20,Clothing,4,50,200,2023-07,Youth,44.8,51,10.4,0.08
187,2023-06-07,CUST187,Female,64,Clothing,2,50,100,2023-06,Senior,43.86,64,12.28,0.03
188,2023-05-03,CUST188,Male,40,Clothing,3,25,75,2023-05,Adult,20.06,23,19.76,0.13
189,2023-01-30,CUST189,Male,63,Beauty,1,50,50,2023-01,Senior,39.6,16,20.8,0.06
190,2023-05-04,CUST190,Female,60,Beauty,3,30,90,2023-05,Senior,26.22,58,12.6,0.05
191,2023-10-18,CUST191,Male,64,Beauty,1,25,25,2023-10,Senior,18.83,64,24.68,0.02
192,2023-02-10,CUST192,Male,62,Beauty,2,50,100,2023-02,Senior,41.99,71,16.02,0.03
193,2023-02-13,CUST193,Male,35,Beauty,3,500,1500,2023-02,Young Adult,375.31,28,24.94,0.11
194,2023-09-06,CUST194,Male,55,Clothing,4,50,200,2023-09,Senior,35.4,78,29.2,0.05
195,2023-02-05,CUST195,Male,52,Clothing,1,30,30,2023-02,Senior,24.13,12,19.57,0.08
196,2023-09-30,CUST196,Female,32,Clothing,3,300,900,2023-09,Young Adult,258.61,61,13.8,0.05
197,2023-03-06,CUST197,Female,42,Clothing,4,50,200,2023-03,Adult,35.69,82,28.62,0.05
198,2023-03-07,CUST198,Female,54,Beauty,3,300,900,2023-03,Senior,233.08,28,22.31,0.11
199,2023-12-04,CUST199,Male,45,Beauty,3,500,1500,2023-12,Adult,446.44,26,10.71,0.12
200,2023-09-01,CUST200,Male,27,Beauty,3,50,150,2023-09,Young Adult,40.88,73,18.24,0.04
201,2023-10-09,CUST201,Male,56,Electronics,1,25,25,2023-10,Senior,22.01,57,11.96,0.02
202,2023-03-26,CUST202,Female,34,Clothing,4,300,1200,2023-03,Young Adult,257.04,63,14.32,0.06
203,2023-05-16,CUST203,Male,56,Clothing,2,500,1000,2023-05,Senior,406.2,34,18.76,0.06
204,2023-09-28,CUST204,Male,39,Beauty,1,25,25,2023-09,Adult,22.03,14,11.88,0.07
205,2023-11-07,CUST205,Female,43,Clothing,1,25,25,2023-11,Adult,21.89,71,12.44,0.01
206,2023-08-05,CUST206,Male,61,Clothing,1,25,25,2023-08,Senior,22.35,18,10.6,0.06
207,2023-04-19,CUST207,Female,42,Beauty,2,25,50,2023-04,Adult,18.07,47,27.72,0.04
208,2023-10-04,CUST208,Female,34,Electronics,4,50,200,2023-10,Young Adult,39.53,41,20.94,0.1
209,2023-12-20,CUST209,Female,30,Electronics,4,50,200,2023-12,Young Adult,35.6,89,28.8,0.04
210,2023-04-13,CUST210,Male,37,Electronics,4,50,200,2023-04,Adult,44.08,78,11.84,0.05
211,2024-01-01,CUST211,Male,42,Beauty,3,500,1500,2024-01,Adult,418.41,36,16.32,0.08
212,2023-06-09,CUST212,Male,21,Clothing,3,500,1500,2023-06,Youth,440.15,60,11.97,0.05
213,2023-07-24,CUST213,Male,27,Beauty,3,500,1500,2023-07,Young Adult,386.52,18,22.7,0.17
214,2023-12-10,CUST214,Male,20,Beauty,2,30,60,2023-12,Youth,26.43,68,11.9,0.03
215,2023-11-29,CUST215,Male,58,Clothing,3,500,1500,2023-11,Senior,386.64,54,22.67,0.06
216,2023-07-11,CUST216,Male,62,Electronics,2,50,100,2023-07,Senior,35.93,16,28.14,0.12
217,2023-08-13,CUST217,Female,35,Electronics,4,50,200,2023-08,Young Adult,41.09,21,17.82,0.19
218,2023-09-22,CUST218,Male,64,Beauty,3,30,90,2023-09,Senior,26.52,18,11.6,0.17
219,2023-08-20,CUST219,Female,53,Electronics,3,30,90,2023-08,Senior,23.19,44,22.7,0.07
220,2023-03-03,CUST220,Male,64,Beauty,1,500,500,2023-03,Senior,393.5,49,21.3,0.02
221,2023-05-07,CUST221,Male,39,Beauty,2,300,600,2023-05,Adult,236.94,58,21.02,0.03
222,2023-04-26,CUST222,Male,51,Clothing,4,30,120,2023-04,Senior,25.8,90,14.0,0.04
223,2023-02-02,CUST223,Female,64,Clothing,1,25,25,2023-02,Senior,18.98,72,24.08,0.01
224,2023-06-23,CUST224,Female,25,Clothing,1,50,50,2023-06,Youth,38.38,81,23.24,0.01
225,2023-01-11,CUST225,Female,57,Beauty,4,25,100,2023-01,Senior,18.11,62,27.56,0.06
226,2023-10-29,CUST226,Female,61,Clothing,1,50,50,2023-10,Senior,40.89,28,18.22,0.04
227,2023-10-11,CUST227,Male,36,Electronics,2,50,100,2023-10,Adult,44.8,23,10.4,0.09
228,2023-04-28,CUST228,Female,59,Electronics,2,30,60,2023-04,Senior,25.97,17,13.43,0.12
229,2023-10-29,CUST229,Male,58,Beauty,3,30,90,2023-10,Senior,22.76,13,24.13,0.23
230,2023-04-23,CUST230,Male,54,Beauty,1,25,25,2023-04,Senior,20.6,68,17.6,0.01
231,2023-01-04,CUST231,Female,23,Clothing,3,50,150,2023-01,Youth,38.64,29,22.72,0.1
232,2023-02-06,CUST232,Female,43,Beauty,1,25,25,2023-02,Adult,17.95,57,28.2,0.02
233,2023-12-29,CUST233,Female,51,Beauty,2,300,600,2023-12,Senior,213.52,57,28.83,0.04
234,2023-11-20,CUST234,Female,62,Electronics,2,25,50,2023-11,Senior,20.83,40,16.68,0.05
235,2023-01-31,CUST235,Female,23,Electronics,2,500,1000,2023-01,Youth,357.47,68,28.51,0.03
236,2023-04-28,CUST236,Female,54,Clothing,1,25,25,2023-04,Senior,18.77,17,24.92,0.06
237,2023-02-04,CUST237,Female,50,Beauty,2,500,1000,2023-02,Adult,433.69,57,13.26,0.04
238,2023-01-17,CUST238,Female,39,Beauty,1,500,500,2023-01,Adult,435.22,53,12.96,0.02
239,2023-06-19,CUST239,Male,38,Electronics,3,500,1500,2023-06,Adult,403.87,36,19.23,0.08
240,2023-02-06,CUST240,Female,23,Beauty,1,300,300,2023-02,Youth,215.42,64,28.19,0.02
241,2023-09-21,CUST241,Female,23,Electronics,3,25,75,2023-09,Youth,20.18,80,19.28,0.04
242,2023-05-02,CUST242,Male,21,Clothing,1,25,25,2023-05,Youth,19.51,12,21.96,0.08
243,2023-05-23,CUST243,Female,47,Electronics,3,300,900,2023-05,Adult,247.83,50,17.39,0.06
244,2023-12-09,CUST244,Male,28,Beauty,2,50,100,2023-12,Young Adult,42.72,13,14.56,0.15
245,2023-09-06,CUST245,Male,47,Clothing,3,30,90,2023-09,Adult,23.53,22,21.57,0.14
246,2023-04-20,CUST246,Female,48,Electronics,2,25,50,2023-04,Adult,20.16,74,19.36,0.03
247,2023-10-04,CUST247,Male,41,Electronics,2,30,60,2023-10,Adult,21.24,11,29.2,0.18
248,2023-03-09,CUST248,Male,26,Clothing,3,300,900,2023-03,Young Adult,234.98,46,21.67,0.07
249,2023-10-20,CUST249,Male,20,Clothing,1,50,50,2023-10,Youth,44.17,60,11.66,0.02
250,2023-10-23,CUST250,Male,48,Electronics,1,50,50,2023-10,Adult,41.53,86,16.94,0.01
251,2023-08-31,CUST251,Female,57,Beauty,4,50,200,2023-08,Senior,40.56,35,18.88,0.11
252,2023-05-05,CUST252,Male,54,Electronics,1,300,300,2023-05,Senior,237.46,64,20.85,0.02
253,2023-08-31,CUST253,Female,53,Clothing,4,500,2000,2023-08,Senior,414.96,13,17.01,0.31
254,2023-07-28,CUST254,Male,41,Electronics,1,500,500,2023-07,Adult,405.68,44,18.86,0.02
255,2023-04-08,CUST255,Male,48,Clothing,1,30,30,2023-04,Adult,26.18,40,12.73,0.02
256,2023-02-18,CUST256,Male,23,Clothing,2,500,1000,2023-02,Youth,411.94,22,17.61,0.09
257,2023-02-19,CUST257,Male,19,Beauty,4,500,2000,2023-02,Youth,360.91,41,27.82,0.1
258,2023-12-04,CUST258,Female,37,Clothing,1,50,50,2023-12,Adult,37.32,14,25.36,0.07
259,2023-08-09,CUST259,Female,45,Clothing,4,50,200,2023-08,Adult,44.82,31,10.36,0.13
260,2023-07-01,CUST260,Male,28,Beauty,2,30,60,2023-07,Young Adult,24.06,26,19.8,0.08
261,2023-08-05,CUST261,Male,21,Clothing,2,25,50,2023-08,Youth,21.72,55,13.12,0.04
262,2023-07-30,CUST262,Female,32,Beauty,4,30,120,2023-07,Young Adult,22.17,65,26.1,0.06
263,2023-08-28,CUST263,Male,23,Beauty,2,30,60,2023-08,Youth,24.9,33,17.0,0.06
264,2023-01-28,CUST264,Male,47,Clothing,3,300,900,2023-01,Adult,214.7,45,28.43,0.07
265,2023-12-11,CUST265,Male,55,Clothing,3,300,900,2023-12,Senior,212.09,49,29.3,0.06
266,2023-12-01,CUST266,Female,19,Electronics,2,30,60,2023-12,Youth,24.4,61,18.67,0.03
267,2023-11-27,CUST267,Female,32,Beauty,3,30,90,2023-11,Young Adult,26.37,17,12.1,0.18
268,2023-02-20,CUST268,Female,28,Electronics,1,30,30,2023-02,Young Adult,25.74,57,14.2,0.02
269,2023-02-01,CUST269,Male,25,Clothing,4,500,2000,2023-02,Youth,431.25,61,13.75,0.07
270,2023-07-26,CUST270,Male,43,Electronics,1,300,300,2023-07,Adult,265.03,67,11.66,0.01
271,2023-06-23,CUST271,Female,62,Beauty,4,30,120,2023-06,Senior,22.87,20,23.77,0.2
272,2023-02-25,CUST272,Female,61,Electronics,2,50,100,2023-02,Senior,41.92,85,16.16,0.02
273,2023-05-08,CUST273,Female,22,Beauty,1,50,50,2023-05,Youth,39.6,24,20.8,0.04
274,2023-04-09,CUST274,Female,23,Clothing,2,500,1000,2023-04,Youth,428.92,56,14.22,0.04
275,2023-04-08,CUST275,Male,43,Clothing,2,500,1000,2023-04,Adult,447.85,16,10.43,0.12
276,2023-10-02,CUST276,Female,21,Beauty,4,25,100,2023-10,Youth,22.25,82,11.0,0.05
277,2023-08-18,CUST277,Male,36,Clothing,4,25,100,2023-08,Adult,18.08,69,27.68,0.06
278,2023-03-13,CUST278,Female,37,Clothing,4,25,100,2023-03,Adult,20.47,39,18.12,0.1
279,2023-08-05,CUST279,Male,50,Clothing,1,500,500,2023-08,Adult,389.89,58,22.02,0.02
280,2023-04-04,CUST280,Female,37,Clothing,3,500,1500,2023-04,Adult,370.67,65,25.87,0.05
281,2023-05-23,CUST281,Female,29,Beauty,4,500,2000,2023-05,Young Adult,375.71,84,24.86,0.05
282,2023-08-25,CUST282,Female,64,Electronics,4,50,200,2023-08,Senior,42.52,10,14.96,0.4
283,2023-05-08,CUST283,Female,18,Electronics,1,500,500,2023-05,Teen,381.13,69,23.77,0.01
284,2023-02-08,CUST284,Male,43,Clothing,4,50,200,2023-02,Adult,44.46,68,11.08,0.06
285,2023-08-15,CUST285,Female,31,Electronics,1,25,25,2023-08,Young Adult,20.8,74,16.8,0.01
286,2023-10-09,CUST286,Male,55,Electronics,2,25,50,2023-10,Senior,22.38,37,10.48,0.05
287,2023-02-20,CUST287,Male,54,Clothing,4,25,100,2023-02,Senior,17.73,70,29.08,0.06
288,2023-01-26,CUST288,Male,28,Clothing,4,30,120,2023-01,Young Adult,25.12,64,16.27,0.06
289,2023-11-30,CUST289,Male,53,Electronics,2,30,60,2023-11,Senior,24.69,66,17.7,0.03
290,2023-10-04,CUST290,Female,30,Beauty,2,300,600,2023-10,Young Adult,250.68,59,16.44,0.03
291,2023-01-08,CUST291,Male,60,Clothing,2,300,600,2023-01,Senior,239.69,26,20.1,0.08
292,2023-02-17,CUST292,Male,20,Beauty,4,300,1200,2023-02,Youth,221.68,23,26.11,0.17
293,2023-05-02,CUST293,Male,50,Electronics,3,30,90,2023-05,Adult,26.9,19,10.33,0.16
294,2023-03-27,CUST294,Female,23,Clothing,3,30,90,2023-03,Youth,24.96,88,16.8,0.03
295,2023-07-28,CUST295,Female,27,Beauty,3,300,900,2023-07,Young Adult,218.65,26,27.12,0.12
296,2023-09-06,CUST296,Female,22,Clothing,4,300,1200,2023-09,Youth,249.48,83,16.84,0.05
297,2023-09-04,CUST297,Female,40,Electronics,2,500,1000,2023-09,Adult,376.28,33,24.74,0.06
298,2023-04-20,CUST298,Male,27,Beauty,4,300,1200,2023-04,Young Adult,248.31,51,17.23,0.08
299,2023-07-25,CUST299,Male,61,Electronics,2,500,1000,2023-07,Senior,390.56,57,21.89,0.04
300,2023-01-31,CUST300,Female,19,Electronics,4,50,200,2023-01,Youth,39.74,46,20.52,0.09
301,2023-03-26,CUST301,Male,30,Clothing,4,30,120,2023-03,Young Adult,23.71,45,20.97,0.09
302,2023-07-14,CUST302,Male,57,Beauty,2,300,600,2023-07,Senior,225.72,38,24.76,0.05
303,2023-01-02,CUST303,Male,19,Electronics,3,30,90,2023-01,Youth,21.47,55,28.43,0.05
304,2023-07-19,CUST304,Female,37,Electronics,2,30,60,2023-07,Adult,25.77,21,14.1,0.1
305,2023-05-16,CUST305,Female,18,Beauty,1,30,30,2023-05,Teen,24.87,85,17.1,0.01
306,2023-08-21,CUST306,Male,54,Electronics,1,50,50,2023-08,Senior,36.65,24,26.7,0.04
307,2023-05-27,CUST307,Female,26,Electronics,2,25,50,2023-05,Young Adult,20.23,19,19.08,0.11
308,2023-08-05,CUST308,Female,34,Beauty,4,300,1200,2023-08,Young Adult,230.7,50,23.1,0.08
309,2023-12-23,CUST309,Female,26,Beauty,1,25,25,2023-12,Young Adult,22.46,50,10.16,0.02
310,2023-10-12,CUST310,Female,28,Beauty,1,25,25,2023-10,Young Adult,21.15,63,15.4,0.02
311,2023-12-05,CUST311,Female,32,Beauty,4,25,100,2023-12,Young Adult,19.96,59,20.16,0.07
312,2023-09-07,CUST312,Male,41,Clothing,4,30,120,2023-09,Adult,26.78,83,10.73,0.05
313,2023-03-21,CUST313,Female,55,Beauty,3,500,1500,2023-03,Senior,388.22,10,22.36,0.3
314,2023-04-08,CUST314,Male,52,Clothing,4,30,120,2023-04,Senior,26.0,63,13.33,0.06
315,2023-06-01,CUST315,Male,47,Clothing,2,30,60,2023-06,Adult,25.97,69,13.43,0.03
316,2023-04-22,CUST316,Female,48,Clothing,2,25,50,2023-04,Adult,22.25,23,11.0,0.09
317,2023-01-30,CUST317,Male,22,Electronics,3,30,90,2023-01,Youth,21.93,75,26.9,0.04
318,2023-10-24,CUST318,Male,61,Clothing,1,25,25,2023-10,Senior,18.72,14,25.12,0.07
319,2023-10-05,CUST319,Male,31,Clothing,1,500,500,2023-10,Young Adult,395.31,83,20.94,0.01
320,2023-02-01,CUST320,Female,28,Electronics,4,300,1200,2023-02,Young Adult,234.66,37,21.78,0.11
321,2023-06-10,CUST321,Female,26,Electronics,2,25,50,2023-06,Young Adult,18.2,51,27.2,0.04
322,2023-01-30,CUST322,Male,51,Electronics,1,500,500,2023-01,Senior,351.47,30,29.71,0.03
323,2023-01-26,CUST323,Female,29,Beauty,3,300,900,2023-01,Young Adult,210.81,90,29.73,0.03
324,2023-10-27,CUST324,Female,52,Electronics,3,50,150,2023-10,Senior,44.14,89,11.72,0.03
325,2023-09-02,CUST325,Female,52,Electronics,2,25,50,2023-09,Senior,20.75,79,17.0,0.03
326,2023-09-15,CUST326,Female,18,Clothing,3,25,75,2023-09,Teen,20.79,12,16.84,0.25
327,2023-09-29,CUST327,Male,57,Electronics,3,50,150,2023-09,Senior,41.52,37,16.96,0.08
328,2023-03-22,CUST328,Male,39,Beauty,2,50,100,2023-03,Adult,40.17,35,19.66,0.06
329,2023-01-30,CUST329,Female,46,Electronics,4,25,100,2023-01,Adult,17.58,50,29.68,0.08
330,2023-09-18,CUST330,Female,25,Beauty,4,50,200,2023-09,Youth,41.53,28,16.94,0.14
331,2023-02-11,CUST331,Male,28,Electronics,3,30,90,2023-02,Young Adult,23.83,12,20.57,0.25
332,2023-04-06,CUST332,Male,58,Electronics,4,300,1200,2023-04,Senior,243.27,62,18.91,0.06
333,2023-02-05,CUST333,Female,54,Electronics,4,300,1200,2023-02,Senior,210.22,10,29.93,0.4
334,2023-11-01,CUST334,Male,31,Electronics,3,300,900,2023-11,Young Adult,239.08,66,20.31,0.05
335,2023-02-04,CUST335,Female,47,Beauty,4,30,120,2023-02,Adult,24.76,40,17.47,0.1
336,2023-12-12,CUST336,Female,52,Beauty,3,50,150,2023-12,Senior,35.97,44,28.06,0.07
337,2023-05-01,CUST337,Male,38,Clothing,1,500,500,2023-05,Adult,413.68,78,17.26,0.01
338,2023-07-26,CUST338,Male,54,Beauty,2,50,100,2023-07,Senior,39.0,66,22.0,0.03
339,2023-03-03,CUST339,Female,22,Electronics,2,25,50,2023-03,Youth,22.08,25,11.68,0.08
340,2023-10-19,CUST340,Female,36,Clothing,4,300,1200,2023-10,Adult,264.94,51,11.69,0.08
341,2023-05-07,CUST341,Male,31,Clothing,4,50,200,2023-05,Young Adult,35.22,29,29.56,0.14
342,2023-10-24,CUST342,Female,43,Clothing,4,500,2000,2023-10,Adult,426.06,79,14.79,0.05
343,2023-11-01,CUST343,Male,21,Electronics,2,25,50,2023-11,Youth,17.98,90,28.08,0.02
344,2023-01-21,CUST344,Female,42,Beauty,1,30,30,2023-01,Adult,23.08,14,23.07,0.07
345,2023-11-14,CUST345,Male,62,Electronics,1,30,30,2023-11,Senior,24.97,59,16.77,0.02
346,2023-02-11,CUST346,Male,59,Clothing,2,500,1000,2023-02,Senior,360.74,52,27.85,0.04
347,2023-08-03,CUST347,Male,42,Electronics,1,25,25,2023-08,Adult,21.64,71,13.44,0.01
348,2023-12-03,CUST348,Female,35,Electronics,2,300,600,2023-12,Young Adult,253.98,66,15.34,0.03
349,2023-10-26,CUST349,Female,57,Beauty,1,50,50,2023-10,Senior,42.96,17,14.08,0.06
350,2023-10-17,CUST350,Male,25,Beauty,3,25,75,2023-10,Youth,19.26,79,22.96,0.04
351,2023-09-25,CUST351,Female,56,Clothing,3,30,90,2023-09,Senior,24.43,24,18.57,0.12
352,2023-06-11,CUST352,Male,57,Electronics,2,500,1000,2023-06,Senior,443.73,82,11.25,0.02
353,2023-05-14,CUST353,Male,31,Electronics,1,500,500,2023-05,Young Adult,352.16,59,29.57,0.02
354,2023-04-15,CUST354,Female,49,Beauty,4,50,200,2023-04,Adult,43.36,18,13.28,0.22
355,2023-12-09,CUST355,Female,55,Electronics,1,500,500,2023-12,Senior,439.57,19,12.09,0.05
356,2023-06-10,CUST356,Male,50,Electronics,3,500,1500,2023-06,Adult,380.57,12,23.89,0.25
357,2023-05-03,CUST357,Female,40,Electronics,3,25,75,2023-05,Adult,20.51,31,17.96,0.1
358,2023-05-16,CUST358,Female,32,Beauty,1,300,300,2023-05,Young Adult,216.64,36,27.79,0.03
359,2023-07-22,CUST359,Male,50,Clothing,1,50,50,2023-07,Adult,35.22,68,29.56,0.01
360,2023-03-09,CUST360,Male,42,Clothing,4,25,100,2023-03,Adult,22.17,23,11.32,0.17
361,2023-12-10,CUST361,Female,34,Electronics,4,300,1200,2023-12,Young Adult,236.77,17,21.08,0.24
362,2023-11-27,CUST362,Male,50,Clothing,1,25,25,2023-11,Adult,19.54,19,21.84,0.05
363,2023-06-03,CUST363,Male,64,Beauty,1,25,25,2023-06,Senior,19.05,70,23.8,0.01
364,2023-08-23,CUST364,Female,19,Beauty,1,500,500,2023-08,Youth,353.66,41,29.27,0.02
365,2023-06-11,CUST365,Male,31,Clothing,1,300,300,2023-06,Young Adult,262.06,28,12.65,0.04
366,2023-02-07,CUST366,Male,57,Clothing,2,50,100,2023-02,Senior,36.15,47,27.7,0.04
367,2023-01-05,CUST367,Female,57,Electronics,1,50,50,2023-01,Senior,39.96,65,20.08,0.02
368,2023-08-23,CUST368,Female,56,Clothing,4,300,1200,2023-08,Senior,255.61,17,14.8,0.24
369,2023-11-15,CUST369,Male,23,Electronics,3,500,1500,2023-11,Youth,373.86,22,25.23,0.14
370,2023-10-16,CUST370,Male,23,Electronics,2,30,60,2023-10,Youth,21.21,44,29.3,0.05
371,2023-02-21,CUST371,Female,20,Beauty,1,25,25,2023-02,Youth,19.9,74,20.4,0.01
372,2023-02-07,CUST372,Female,24,Beauty,3,500,1500,2023-02,Youth,367.43,35,26.51,0.09
373,2023-10-03,CUST373,Female,25,Beauty,2,300,600,2023-10,Youth,251.63,73,16.12,0.03
374,2023-04-20,CUST374,Female,59,Beauty,3,25,75,2023-04,Senior,21.48,51,14.08,0.06
375,2023-09-17,CUST375,Male,32,Clothing,1,50,50,2023-09,Young Adult,40.8,26,18.4,0.04
376,2023-05-16,CUST376,Female,64,Beauty,1,30,30,2023-05,Senior,24.42,82,18.6,0.01
377,2023-03-09,CUST377,Female,46,Clothing,4,50,200,2023-03,Adult,36.83,49,26.34,0.08
378,2023-06-28,CUST378,Male,50,Beauty,1,300,300,2023-06,Adult,267.98,47,10.67,0.02
379,2023-02-05,CUST379,Female,47,Clothing,1,25,25,2023-02,Adult,19.42,33,22.32,0.03
380,2023-05-06,CUST380,Male,56,Electronics,2,300,600,2023-05,Senior,262.47,66,12.51,0.03
381,2023-07-09,CUST381,Female,44,Clothing,4,25,100,2023-07,Adult,20.43,13,18.28,0.31
382,2023-05-26,CUST382,Female,53,Clothing,2,500,1000,2023-05,Senior,411.59,71,17.68,0.03
383,2023-03-22,CUST383,Female,46,Beauty,3,30,90,2023-03,Adult,25.55,61,14.83,0.05
384,2023-08-13,CUST384,Male,55,Clothing,1,500,500,2023-08,Senior,359.15,35,28.17,0.03
385,2023-10-06,CUST385,Male,50,Electronics,3,500,1500,2023-10,Adult,354.0,25,29.2,0.12
386,2023-12-27,CUST386,Female,54,Electronics,2,300,600,2023-12,Senior,212.78,32,29.07,0.06
387,2023-06-04,CUST387,Male,44,Beauty,1,30,30,2023-06,Adult,26.23,56,12.57,0.02
388,2023-11-10,CUST388,Male,50,Electronics,1,25,25,2023-11,Adult,21.57,48,13.72,0.02
389,2023-12-01,CUST389,Male,21,Clothing,2,25,50,2023-12,Youth,17.6,30,29.6,0.07
390,2023-09-28,CUST390,Male,39,Electronics,2,50,100,2023-09,Adult,42.32,25,15.36,0.08
391,2023-01-05,CUST391,Male,19,Beauty,2,25,50,2023-01,Youth,18.85,79,24.6,0.03
392,2023-12-08,CUST392,Male,27,Clothing,2,300,600,2023-12,Young Adult,259.65,61,13.45,0.03
393,2023-10-11,CUST393,Female,22,Beauty,2,500,1000,2023-10,Youth,444.34,46,11.13,0.04
394,2023-06-03,CUST394,Female,27,Clothing,1,500,500,2023-06,Young Adult,376.45,19,24.71,0.05
395,2023-12-06,CUST395,Male,50,Electronics,2,500,1000,2023-12,Adult,398.94,34,20.21,0.06
396,2023-02-23,CUST396,Female,55,Beauty,1,30,30,2023-02,Senior,21.38,25,28.73,0.04
397,2023-03-10,CUST397,Female,30,Beauty,1,25,25,2023-03,Young Adult,20.43,86,18.28,0.01
398,2023-05-16,CUST398,Female,48,Clothing,2,300,600,2023-05,Adult,240.66,87,19.78,0.02
399,2023-03-01,CUST399,Female,64,Beauty,2,30,60,2023-03,Senior,24.24,71,19.2,0.03
400,2023-02-24,CUST400,Male,53,Clothing,4,50,200,2023-02,Senior,37.57,10,24.86,0.4
401,2023-10-11,CUST401,Female,62,Clothing,1,300,300,2023-10,Senior,236.88,41,21.04,0.02
402,2023-03-21,CUST402,Female,41,Clothing,2,300,600,2023-03,Adult,250.03,19,16.66,0.11
403,2023-05-20,CUST403,Male,32,Clothing,2,300,600,2023-05,Young Adult,212.24,46,29.25,0.04
404,2023-05-25,CUST404,Male,46,Electronics,2,500,1000,2023-05,Adult,394.72,19,21.06,0.11
405,2023-11-06,CUST405,Female,25,Clothing,4,300,1200,2023-11,Youth,259.16,63,13.61,0.06
406,2023-04-18,CUST406,Female,22,Beauty,4,25,100,2023-04,Youth,18.4,19,26.4,0.21
407,2023-06-25,CUST407,Female,46,Electronics,3,300,900,2023-06,Adult,225.31,29,24.9,0.1
408,2023-04-15,CUST408,Female,64,Beauty,1,500,500,2023-04,Senior,417.91,68,16.42,0.01
409,2023-12-18,CUST409,Female,21,Electronics,3,300,900,2023-12,Youth,220.83,62,26.39,0.05
410,2023-11-21,CUST410,Female,29,Clothing,2,50,100,2023-11,Young Adult,35.3,30,29.4,0.07
411,2023-05-16,CUST411,Male,62,Electronics,4,50,200,2023-05,Senior,43.35,52,13.3,0.08
412,2023-09-16,CUST412,Female,19,Electronics,4,500,2000,2023-09,Youth,449.03,28,10.19,0.14
413,2023-09-08,CUST413,Female,44,Beauty,3,25,75,2023-09,Adult,20.88,38,16.48,0.08
414,2023-05-09,CUST414,Male,48,Beauty,4,25,100,2023-05,Adult,21.42,42,14.32,0.1
415,2023-01-27,CUST415,Male,53,Clothing,2,30,60,2023-01,Senior,22.92,16,23.6,0.12
416,2023-02-17,CUST416,Male,53,Electronics,4,500,2000,2023-02,Senior,367.1,40,26.58,0.1
417,2023-11-21,CUST417,Male,43,Electronics,3,300,900,2023-11,Adult,215.83,45,28.06,0.07
418,2023-08-05,CUST418,Female,60,Electronics,2,500,1000,2023-08,Senior,388.38,16,22.32,0.12
419,2023-05-22,CUST419,Female,44,Clothing,3,30,90,2023-05,Adult,23.95,33,20.17,0.09
420,2023-01-23,CUST420,Female,22,Clothing,4,500,2000,2023-01,Youth,443.77,19,11.25,0.21
421,2023-01-02,CUST421,Female,37,Clothing,3,500,1500,2023-01,Adult,383.16,52,23.37,0.06
422,2023-06-20,CUST422,Female,28,Clothing,3,30,90,2023-06,Young Adult,21.48,73,28.4,0.04
423,2023-03-08,CUST423,Female,27,Clothing,1,25,25,2023-03,Young Adult,19.06,71,23.76,0.01
424,2023-11-23,CUST424,Male,57,Beauty,4,300,1200,2023-11,Senior,238.47,61,20.51,0.07
425,2023-05-15,CUST425,Female,55,Electronics,4,30,120,2023-05,Senior,23.88,46,20.4,0.09
426,2023-03-24,CUST426,Male,23,Electronics,3,50,150,2023-03,Youth,36.44,53,27.12,0.06
427,2023-08-15,CUST427,Male,25,Electronics,1,25,25,2023-08,Youth,18.65,56,25.4,0.02
428,2023-10-10,CUST428,Female,40,Electronics,4,50,200,2023-10,Adult,36.25,72,27.5,0.06
429,2023-12-28,CUST429,Male,64,Electronics,2,25,50,2023-12,Senior,19.01,12,23.96,0.17
430,2023-08-07,CUST430,Female,43,Electronics,3,300,900,2023-08,Adult,220.4,16,26.53,0.19
431,2023-10-15,CUST431,Male,63,Electronics,4,300,1200,2023-10,Senior,256.26,89,14.58,0.04
432,2023-01-05,CUST432,Female,60,Electronics,2,500,1000,2023-01,Senior,371.24,53,25.75,0.04
433,2023-02-27,CUST433,Male,29,Beauty,4,50,200,2023-02,Young Adult,37.02,42,25.96,0.1
434,2023-02-08,CUST434,Female,43,Electronics,2,25,50,2023-02,Adult,21.99,34,12.04,0.06
435,2023-12-20,CUST435,Female,30,Beauty,3,300,900,2023-12,Young Adult,256.96,47,14.35,0.06
436,2023-03-18,CUST436,Female,57,Clothing,4,30,120,2023-03,Senior,21.66,35,27.8,0.11
437,2023-10-07,CUST437,Female,35,Electronics,4,300,1200,2023-10,Young Adult,214.24,81,28.59,0.05
438,2023-01-19,CUST438,Female,42,Clothing,1,30,30,2023-01,Adult,21.47,25,28.43,0.04
439,2023-07-09,CUST439,Male,50,Clothing,3,25,75,2023-07,Adult,18.47,13,26.12,0.23
440,2023-10-26,CUST440,Male,64,Clothing,2,300,600,2023-10,Senior,250.73,12,16.42,0.17
441,2023-10-10,CUST441,Male,57,Beauty,4,300,1200,2023-10,Senior,261.43,56,12.86,0.07
442,2023-03-17,CUST442,Female,60,Clothing,4,25,100,2023-03,Senior,20.71,70,17.16,0.06
443,2023-08-09,CUST443,Male,29,Clothing,2,300,600,2023-08,Young Adult,248.47,28,17.18,0.07
444,2023-03-07,CUST444,Female,61,Clothing,3,30,90,2023-03,Senior,22.73,30,24.23,0.1
445,2023-01-22,CUST445,Female,53,Electronics,1,300,300,2023-01,Senior,225.19,55,24.94,0.02
446,2023-06-07,CUST446,Male,21,Electronics,1,50,50,2023-06,Youth,41.55,23,16.9,0.04
447,2023-07-06,CUST447,Male,22,Beauty,4,500,2000,2023-07,Youth,433.36,70,13.33,0.06
448,2023-01-21,CUST448,Female,54,Beauty,2,30,60,2023-01,Senior,23.95,58,20.17,0.03
449,2023-07-03,CUST449,Male,25,Electronics,4,50,200,2023-07,Youth,37.31,32,25.38,0.12
450,2023-04-18,CUST450,Female,59,Beauty,2,25,50,2023-04,Senior,22.26,20,10.96,0.1
451,2023-12-16,CUST451,Female,45,Electronics,1,30,30,2023-12,Adult,26.28,28,12.4,0.04
452,2023-05-08,CUST452,Female,48,Clothing,3,500,1500,2023-05,Adult,377.45,67,24.51,0.04
453,2023-12-08,CUST453,Female,26,Clothing,2,500,1000,2023-12,Young Adult,424.62,70,15.08,0.03
454,2023-02-22,CUST454,Female,46,Beauty,1,25,25,2023-02,Adult,18.8,90,24.8,0.01
455,2023-07-01,CUST455,Male,31,Electronics,4,25,100,2023-07,Young Adult,20.13,56,19.48,0.07
456,2023-10-14,CUST456,Male,57,Electronics,2,30,60,2023-10,Senior,21.29,71,29.03,0.03
457,2023-07-28,CUST457,Female,58,Beauty,3,300,900,2023-07,Senior,225.52,58,24.83,0.05
458,2023-11-14,CUST458,Female,39,Electronics,4,25,100,2023-11,Adult,17.79,89,28.84,0.04
459,2023-03-21,CUST459,Male,28,Clothing,4,300,1200,2023-03,Young Adult,213.96,66,28.68,0.06
460,2023-05-02,CUST460,Male,40,Beauty,1,50,50,2023-05,Adult,35.38,11,29.24,0.09
461,2023-03-25,CUST461,Female,18,Beauty,2,500,1000,2023-03,Teen,392.21,28,21.56,0.07
462,2023-04-01,CUST462,Male,63,Electronics,4,300,1200,2023-04,Senior,268.93,72,10.36,0.06
463,2023-07-31,CUST463,Female,54,Beauty,3,500,1500,2023-07,Senior,439.53,79,12.09,0.04
464,2023-01-13,CUST464,Male,38,Electronics,2,300,600,2023-01,Adult,266.03,15,11.32,0.13
465,2023-04-02,CUST465,Female,43,Electronics,3,50,150,2023-04,Adult,38.52,63,22.96,0.05
466,2023-06-20,CUST466,Male,63,Electronics,4,25,100,2023-06,Senior,17.94,32,28.24,0.12
467,2023-07-30,CUST467,Female,53,Electronics,3,50,150,2023-07,Senior,42.04,40,15.92,0.08
468,2023-12-09,CUST468,Male,40,Electronics,1,25,25,2023-12,Adult,18.41,64,26.36,0.02
469,2023-05-08,CUST469,Male,18,Beauty,3,25,75,2023-05,Teen,20.04,12,19.84,0.25
470,2023-05-17,CUST470,Female,57,Clothing,2,500,1000,2023-05,Senior,433.46,85,13.31,0.02
471,2023-03-23,CUST471,Male,32,Clothing,3,50,150,2023-03,Young Adult,38.51,85,22.98,0.04
472,2023-12-26,CUST472,Female,38,Beauty,3,300,900,2023-12,Adult,245.5,48,18.17,0.06
473,2023-02-25,CUST473,Male,64,Beauty,1,50,50,2023-02,Senior,37.37,47,25.26,0.02
474,2023-07-15,CUST474,Female,26,Clothing,3,500,1500,2023-07,Young Adult,393.68,61,21.26,0.05
475,2023-01-20,CUST475,Male,26,Clothing,3,25,75,2023-01,Young Adult,18.7,14,25.2,0.21
476,2023-08-29,CUST476,Female,27,Clothing,4,500,2000,2023-08,Young Adult,370.08,50,25.98,0.08
477,2023-04-24,CUST477,Male,43,Clothing,4,30,120,2023-04,Adult,25.25,36,15.83,0.11
478,2023-04-13,CUST478,Female,58,Clothing,2,30,60,2023-04,Senior,24.55,12,18.17,0.17
479,2023-08-24,CUST479,Male,52,Electronics,4,300,1200,2023-08,Senior,260.43,51,13.19,0.08
480,2023-06-29,CUST480,Female,42,Beauty,4,500,2000,2023-06,Adult,378.13,60,24.37,0.07
481,2023-06-06,CUST481,Female,43,Electronics,4,300,1200,2023-06,Adult,260.38,10,13.21,0.4
482,2023-04-27,CUST482,Female,28,Clothing,4,300,1200,2023-04,Young Adult,258.19,78,13.94,0.05
483,2023-04-25,CUST483,Male,55,Clothing,1,30,30,2023-04,Senior,25.66,54,14.47,0.02
484,2023-01-13,CUST484,Female,19,Clothing,4,300,1200,2023-01,Youth,253.62,79,15.46,0.05
485,2023-12-04,CUST485,Male,24,Electronics,1,30,30,2023-12,Youth,26.37,73,12.1,0.01
486,2023-04-09,CUST486,Female,35,Electronics,1,25,25,2023-04,Young Adult,19.56,62,21.76,0.02
487,2023-07-24,CUST487,Male,44,Clothing,4,500,2000,2023-07,Adult,391.21,25,21.76,0.16
488,2023-06-18,CUST488,Female,51,Electronics,3,300,900,2023-06,Senior,248.44,42,17.19,0.07
489,2023-05-23,CUST489,Male,44,Electronics,1,30,30,2023-05,Adult,22.39,56,25.37,0.02
490,2023-02-05,CUST490,Male,34,Clothing,3,50,150,2023-02,Young Adult,41.93,52,16.14,0.06
491,2023-05-23,CUST491,Female,60,Electronics,3,300,900,2023-05,Senior,238.66,82,20.45,0.04
492,2023-06-29,CUST492,Male,61,Beauty,4,25,100,2023-06,Senior,18.1,24,27.6,0.17
493,2023-11-25,CUST493,Male,41,Beauty,2,25,50,2023-11,Adult,19.05,14,23.8,0.14
494,2023-09-18,CUST494,Female,42,Beauty,4,50,200,2023-09,Adult,41.44,51,17.12,0.08
495,2023-07-24,CUST495,Male,24,Beauty,2,30,60,2023-07,Youth,25.01,73,16.63,0.03
496,2023-12-14,CUST496,Male,23,Clothing,2,300,600,2023-12,Youth,251.82,18,16.06,0.11
497,2023-10-02,CUST497,Male,41,Clothing,4,30,120,2023-10,Adult,23.96,55,20.13,0.07
498,2023-06-19,CUST498,Female,50,Clothing,4,25,100,2023-06,Adult,18.02,41,27.92,0.1
499,2023-01-15,CUST499,Male,46,Beauty,2,30,60,2023-01,Adult,21.37,74,28.77,0.03
500,2023-03-01,CUST500,Female,60,Beauty,4,25,100,2023-03,Senior,18.26,59,26.96,0.07
501,2023-05-14,CUST501,Male,39,Electronics,2,30,60,2023-05,Adult,25.77,49,14.1,0.04
502,2023-04-02,CUST502,Male,43,Electronics,3,50,150,2023-04,Adult,41.93,45,16.14,0.07
503,2023-10-25,CUST503,Male,45,Beauty,4,500,2000,2023-10,Adult,434.96,52,13.01,0.08
504,2023-05-16,CUST504,Female,38,Beauty,3,50,150,2023-05,Adult,38.39,55,23.22,0.05
505,2023-01-20,CUST505,Male,24,Beauty,1,50,50,2023-01,Youth,35.34,38,29.32,0.03
506,2023-02-25,CUST506,Male,34,Beauty,3,500,1500,2023-02,Young Adult,395.89,78,20.82,0.04
507,2023-11-02,CUST507,Female,37,Electronics,3,500,1500,2023-11,Adult,443.73,24,11.25,0.12
508,2023-08-11,CUST508,Male,58,Beauty,2,300,600,2023-08,Senior,234.85,62,21.72,0.03
509,2023-06-26,CUST509,Female,37,Electronics,3,300,900,2023-06,Adult,229.86,87,23.38,0.03
510,2023-06-10,CUST510,Female,39,Beauty,4,50,200,2023-06,Adult,39.11,79,21.78,0.05
511,2023-08-12,CUST511,Male,45,Beauty,2,50,100,2023-08,Adult,35.6,50,28.8,0.04
512,2023-11-07,CUST512,Female,57,Beauty,1,25,25,2023-11,Senior,20.11,58,19.56,0.02
513,2023-09-19,CUST513,Male,24,Electronics,4,25,100,2023-09,Youth,20.08,58,19.68,0.07
514,2023-03-01,CUST514,Female,18,Electronics,1,300,300,2023-03,Teen,238.61,65,20.46,0.02
515,2023-07-17,CUST515,Female,49,Clothing,3,300,900,2023-07,Adult,261.73,59,12.76,0.05
516,2023-10-23,CUST516,Male,30,Beauty,4,25,100,2023-10,Young Adult,18.46,27,26.16,0.15
517,2023-04-08,CUST517,Female,47,Clothing,4,25,100,2023-04,Adult,20.36,55,18.56,0.07
518,2023-05-11,CUST518,Female,40,Clothing,1,30,30,2023-05,Adult,23.53,35,21.57,0.03
519,2023-01-23,CUST519,Female,36,Electronics,4,30,120,2023-01,Adult,25.72,49,14.27,0.08
520,2023-12-29,CUST520,Female,49,Electronics,4,25,100,2023-12,Adult,19.32,57,22.72,0.07
521,2023-08-12,CUST521,Female,47,Clothing,4,30,120,2023-08,Adult,21.32,38,28.93,0.11
522,2023-01-01,CUST522,Male,46,Beauty,3,500,1500,2023-01,Adult,350.7,55,29.86,0.05
523,2023-09-24,CUST523,Female,62,Electronics,1,300,300,2023-09,Senior,221.5,79,26.17,0.01
524,2023-10-03,CUST524,Male,46,Beauty,4,300,1200,2023-10,Adult,235.85,63,21.38,0.06
525,2023-12-18,CUST525,Female,47,Beauty,2,25,50,2023-12,Adult,18.98,36,24.08,0.06
526,2023-12-10,CUST526,Male,33,Clothing,2,50,100,2023-12,Young Adult,35.75,66,28.5,0.03
527,2023-04-11,CUST527,Male,57,Clothing,2,25,50,2023-04,Senior,19.98,52,20.08,0.04
528,2023-07-06,CUST528,Female,36,Clothing,2,30,60,2023-07,Adult,21.05,85,29.83,0.02
529,2023-08-09,CUST529,Female,35,Clothing,3,50,150,2023-08,Young Adult,43.15,63,13.7,0.05
530,2023-02-05,CUST530,Female,18,Electronics,4,30,120,2023-02,Teen,23.43,79,21.9,0.05
531,2023-12-07,CUST531,Male,31,Electronics,1,500,500,2023-12,Young Adult,363.17,83,27.37,0.01
532,2023-06-19,CUST532,Female,64,Clothing,4,30,120,2023-06,Senior,21.63,87,27.9,0.05
533,2023-11-16,CUST533,Male,19,Electronics,3,500,1500,2023-11,Youth,435.19,28,12.96,0.11
534,2023-06-10,CUST534,Male,45,Clothing,2,500,1000,2023-06,Adult,407.9,81,18.42,0.02
535,2023-12-06,CUST535,Male,47,Beauty,3,30,90,2023-12,Adult,26.46,49,11.8,0.06
536,2023-03-05,CUST536,Female,55,Beauty,4,30,120,2023-03,Senior,25.74,27,14.2,0.15
537,2023-06-03,CUST537,Female,21,Beauty,1,500,500,2023-06,Youth,412.23,27,17.55,0.04
538,2023-09-17,CUST538,Male,18,Clothing,3,50,150,2023-09,Teen,44.54,10,10.92,0.3
539,2023-06-08,CUST539,Male,25,Beauty,1,500,500,2023-06,Youth,370.44,77,25.91,0.01
540,2023-12-08,CUST540,Female,46,Electronics,3,300,900,2023-12,Adult,239.17,34,20.28,0.09
541,2023-07-29,CUST541,Male,56,Beauty,1,500,500,2023-07,Senior,380.13,75,23.97,0.01
542,2023-06-17,CUST542,Female,20,Beauty,1,50,50,2023-06,Youth,37.57,16,24.86,0.06
543,2023-07-26,CUST543,Male,49,Beauty,2,300,600,2023-07,Adult,245.94,67,18.02,0.03
544,2023-12-23,CUST544,Female,27,Electronics,1,25,25,2023-12,Young Adult,19.26,77,22.96,0.01
545,2023-06-01,CUST545,Male,27,Clothing,2,25,50,2023-06,Young Adult,21.39,43,14.44,0.05
546,2023-10-11,CUST546,Female,36,Electronics,4,50,200,2023-10,Adult,42.94,60,14.12,0.07
547,2023-03-07,CUST547,Male,63,Clothing,4,500,2000,2023-03,Senior,407.21,41,18.56,0.1
548,2023-04-09,CUST548,Female,51,Clothing,2,30,60,2023-04,Senior,21.27,52,29.1,0.04
549,2023-08-04,CUST549,Female,50,Beauty,2,50,100,2023-08,Adult,41.49,71,17.02,0.03
550,2023-12-07,CUST550,Male,40,Clothing,3,300,900,2023-12,Adult,265.7,57,11.43,0.05
551,2023-07-14,CUST551,Male,45,Electronics,3,300,900,2023-07,Adult,257.03,40,14.32,0.08
552,2023-12-13,CUST552,Female,49,Electronics,3,25,75,2023-12,Adult,18.95,82,24.2,0.04
553,2023-03-31,CUST553,Male,24,Clothing,4,300,1200,2023-03,Youth,221.17,40,26.28,0.1
554,2023-11-12,CUST554,Female,46,Beauty,3,50,150,2023-11,Adult,41.65,10,16.7,0.3
555,2023-10-19,CUST555,Male,25,Beauty,1,300,300,2023-10,Youth,269.77,57,10.08,0.02
556,2023-06-04,CUST556,Female,18,Electronics,1,50,50,2023-06,Teen,39.92,65,20.16,0.02
557,2023-07-27,CUST557,Female,20,Beauty,3,30,90,2023-07,Youth,26.3,62,12.33,0.05
558,2023-10-08,CUST558,Female,41,Clothing,1,25,25,2023-10,Adult,18.31,30,26.76,0.03
559,2023-01-01,CUST559,Female,40,Clothing,4,300,1200,2023-01,Adult,258.0,55,14.0,0.07
560,2023-06-05,CUST560,Female,25,Electronics,1,50,50,2023-06,Youth,36.51,10,26.98,0.1
561,2023-05-27,CUST561,Female,64,Clothing,4,500,2000,2023-05,Senior,355.2,61,28.96,0.07
562,2023-04-18,CUST562,Male,54,Electronics,2,25,50,2023-04,Senior,22.49,34,10.04,0.06
563,2023-08-09,CUST563,Male,20,Clothing,2,30,60,2023-08,Youth,23.15,75,22.83,0.03
564,2023-10-24,CUST564,Male,50,Electronics,2,50,100,2023-10,Adult,40.72,77,18.56,0.03
565,2023-11-07,CUST565,Female,45,Beauty,2,30,60,2023-11,Adult,24.29,82,19.03,0.02
566,2023-12-02,CUST566,Female,64,Clothing,1,30,30,2023-12,Senior,21.15,15,29.5,0.07
567,2023-06-14,CUST567,Female,25,Clothing,3,300,900,2023-06,Youth,219.77,68,26.74,0.04
568,2023-08-27,CUST568,Female,51,Electronics,1,300,300,2023-08,Senior,240.24,76,19.92,0.01
569,2023-08-15,CUST569,Male,52,Electronics,4,50,200,2023-08,Senior,39.46,80,21.08,0.05
570,2023-08-15,CUST570,Male,49,Clothing,1,500,500,2023-08,Adult,371.85,64,25.63,0.02
571,2023-12-12,CUST571,Female,41,Electronics,1,50,50,2023-12,Adult,44.93,67,10.14,0.01
572,2023-04-20,CUST572,Male,31,Clothing,4,500,2000,2023-04,Young Adult,423.4,50,15.32,0.08
573,2023-09-19,CUST573,Male,49,Beauty,2,30,60,2023-09,Adult,26.52,79,11.6,0.03
574,2023-08-31,CUST574,Female,63,Electronics,2,25,50,2023-08,Senior,19.52,39,21.92,0.05
575,2023-03-28,CUST575,Male,60,Clothing,2,50,100,2023-03,Senior,38.38,78,23.24,0.03
576,2023-12-04,CUST576,Female,33,Beauty,3,50,150,2023-12,Young Adult,44.49,38,11.02,0.08
577,2023-02-13,CUST577,Male,21,Beauty,4,500,2000,2023-02,Youth,357.0,29,28.6,0.14
578,2023-05-26,CUST578,Female,54,Clothing,4,30,120,2023-05,Senior,21.49,90,28.37,0.04
579,2023-09-21,CUST579,Female,38,Electronics,1,30,30,2023-09,Adult,24.8,66,17.33,0.02
580,2023-12-06,CUST580,Female,31,Clothing,3,500,1500,2023-12,Young Adult,393.45,69,21.31,0.04
581,2023-11-21,CUST581,Female,48,Beauty,2,30,60,2023-11,Adult,23.26,55,22.47,0.04
582,2023-11-14,CUST582,Male,35,Clothing,3,300,900,2023-11,Young Adult,257.75,67,14.08,0.04
583,2023-06-21,CUST583,Female,24,Electronics,4,25,100,2023-06,Youth,20.51,26,17.96,0.15
584,2023-02-17,CUST584,Female,27,Beauty,4,50,200,2023-02,Young Adult,36.82,74,26.36,0.05
585,2023-05-01,CUST585,Female,24,Clothing,1,25,25,2023-05,Youth,22.04,12,11.84,0.08
586,2023-12-11,CUST586,Male,50,Electronics,1,50,50,2023-12,Adult,35.57,14,28.86,0.07
587,2023-06-08,CUST587,Female,40,Beauty,4,300,1200,2023-06,Adult,225.65,14,24.78,0.29
588,2023-04-26,CUST588,Male,38,Electronics,2,30,60,2023-04,Adult,21.75,35,27.5,0.06
589,2023-04-12,CUST589,Female,36,Beauty,2,500,1000,2023-04,Adult,399.57,38,20.09,0.05
590,2023-03-17,CUST590,Male,36,Clothing,3,300,900,2023-03,Adult,233.29,43,22.24,0.07
591,2023-01-13,CUST591,Male,53,Electronics,4,25,100,2023-01,Senior,19.11,41,23.56,0.1
592,2023-01-24,CUST592,Female,46,Beauty,4,500,2000,2023-01,Adult,370.93,46,25.81,0.09
593,2023-05-06,CUST593,Male,35,Electronics,2,30,60,2023-05,Young Adult,25.44,41,15.2,0.05
594,2023-09-01,CUST594,Female,19,Electronics,2,300,600,2023-09,Youth,216.46,11,27.85,0.18
595,2023-11-09,CUST595,Female,18,Clothing,4,500,2000,2023-11,Teen,427.68,48,14.46,0.08
596,2023-02-07,CUST596,Female,64,Electronics,1,300,300,2023-02,Senior,229.61,89,23.46,0.01
597,2023-08-22,CUST597,Male,22,Beauty,4,300,1200,2023-08,Youth,269.12,58,10.29,0.07
598,2023-08-01,CUST598,Male,37,Beauty,4,30,120,2023-08,Adult,25.56,45,14.8,0.09
599,2023-11-19,CUST599,Female,28,Beauty,2,50,100,2023-11,Young Adult,36.01,20,27.98,0.1
600,2023-10-22,CUST600,Female,59,Beauty,2,500,1000,2023-10,Senior,399.89,57,20.02,0.04
601,2023-04-10,CUST601,Male,19,Clothing,1,30,30,2023-04,Youth,22.66,19,24.47,0.05
602,2023-12-23,CUST602,Female,20,Electronics,1,300,300,2023-12,Youth,221.51,59,26.16,0.02
603,2023-07-16,CUST603,Female,40,Clothing,3,30,90,2023-07,Adult,24.89,38,17.03,0.08
604,2023-09-11,CUST604,Female,29,Electronics,4,50,200,2023-09,Young Adult,37.74,12,24.52,0.33
605,2023-07-24,CUST605,Male,37,Electronics,2,500,1000,2023-07,Adult,391.88,54,21.62,0.04
606,2023-05-05,CUST606,Male,22,Electronics,1,50,50,2023-05,Youth,42.83,31,14.34,0.03
607,2023-03-17,CUST607,Male,54,Clothing,3,25,75,2023-03,Senior,21.74,56,13.04,0.05
608,2023-12-02,CUST608,Female,55,Electronics,3,500,1500,2023-12,Senior,441.15,36,11.77,0.08
609,2023-12-19,CUST609,Female,47,Clothing,2,50,100,2023-12,Adult,38.06,81,23.88,0.02
610,2023-01-03,CUST610,Female,26,Beauty,2,300,600,2023-01,Young Adult,228.7,27,23.77,0.07
611,2023-02-24,CUST611,Male,51,Beauty,3,500,1500,2023-02,Senior,392.13,67,21.57,0.04
612,2023-08-06,CUST612,Female,61,Electronics,1,500,500,2023-08,Senior,376.29,59,24.74,0.02
613,2023-04-23,CUST613,Female,52,Clothing,3,30,90,2023-04,Senior,21.95,80,26.83,0.04
614,2023-04-01,CUST614,Female,39,Beauty,4,300,1200,2023-04,Adult,226.87,41,24.38,0.1
615,2023-12-23,CUST615,Female,61,Clothing,4,25,100,2023-12,Senior,19.69,32,21.24,0.12
616,2023-09-23,CUST616,Male,41,Clothing,2,50,100,2023-09,Adult,39.68,15,20.64,0.13
617,2023-08-26,CUST617,Male,34,Electronics,1,30,30,2023-08,Young Adult,22.68,25,24.4,0.04
618,2023-01-26,CUST618,Female,27,Beauty,1,50,50,2023-01,Young Adult,35.54,21,28.92,0.05
619,2023-10-13,CUST619,Male,47,Electronics,4,25,100,2023-10,Adult,21.57,26,13.72,0.15
620,2023-05-08,CUST620,Male,63,Electronics,3,25,75,2023-05,Senior,21.28,37,14.88,0.08
621,2023-03-04,CUST621,Female,40,Beauty,2,500,1000,2023-03,Adult,447.42,44,10.52,0.05
622,2023-08-22,CUST622,Female,49,Beauty,3,25,75,2023-08,Adult,19.43,49,22.28,0.06
623,2023-03-10,CUST623,Male,34,Clothing,3,50,150,2023-03,Young Adult,40.72,11,18.56,0.27
624,2023-08-26,CUST624,Female,34,Beauty,3,300,900,2023-08,Young Adult,258.36,89,13.88,0.03
625,2023-12-08,CUST625,Male,31,Clothing,1,300,300,2023-12,Young Adult,231.21,46,22.93,0.02
626,2023-09-29,CUST626,Female,26,Clothing,4,500,2000,2023-09,Young Adult,444.99,46,11.0,0.09
627,2023-10-14,CUST627,Male,57,Clothing,1,50,50,2023-10,Senior,39.32,65,21.36,0.02
628,2023-11-01,CUST628,Female,19,Beauty,4,50,200,2023-11,Youth,37.33,75,25.34,0.05
629,2023-06-12,CUST629,Male,62,Electronics,2,25,50,2023-06,Senior,22.17,71,11.32,0.03
630,2023-08-15,CUST630,Male,42,Clothing,2,50,100,2023-08,Adult,36.66,36,26.68,0.06
631,2023-11-10,CUST631,Male,56,Electronics,3,30,90,2023-11,Senior,25.33,69,15.57,0.04
632,2023-09-16,CUST632,Female,26,Electronics,4,25,100,2023-09,Young Adult,22.4,61,10.4,0.07
633,2023-08-07,CUST633,Male,39,Beauty,4,30,120,2023-08,Adult,21.83,15,27.23,0.27
634,2023-10-08,CUST634,Male,60,Electronics,4,500,2000,2023-10,Senior,363.27,68,27.35,0.06
635,2023-08-17,CUST635,Female,63,Electronics,3,300,900,2023-08,Senior,232.13,89,22.62,0.03
636,2023-03-23,CUST636,Female,21,Beauty,3,500,1500,2023-03,Youth,353.18,20,29.36,0.15
637,2023-09-01,CUST637,Male,43,Clothing,2,300,600,2023-09,Adult,227.68,10,24.11,0.2
638,2023-08-19,CUST638,Male,46,Electronics,1,500,500,2023-08,Adult,419.99,79,16.0,0.01
639,2023-05-13,CUST639,Female,62,Beauty,4,50,200,2023-05,Senior,39.48,74,21.04,0.05
640,2023-05-07,CUST640,Female,51,Electronics,4,30,120,2023-05,Senior,25.64,49,14.53,0.08
641,2023-11-23,CUST641,Female,40,Electronics,1,300,300,2023-11,Adult,245.42,61,18.19,0.02
642,2023-05-22,CUST642,Female,54,Clothing,4,25,100,2023-05,Senior,18.05,82,27.8,0.05
643,2023-09-24,CUST643,Female,28,Electronics,3,30,90,2023-09,Young Adult,23.26,17,22.47,0.18
644,2023-09-06,CUST644,Male,23,Beauty,3,25,75,2023-09,Youth,21.4,66,14.4,0.05
645,2023-11-17,CUST645,Female,35,Electronics,4,30,120,2023-11,Young Adult,22.98,24,23.4,0.17
646,2023-05-03,CUST646,Male,38,Clothing,3,30,90,2023-05,Adult,24.03,36,19.9,0.08
647,2023-05-21,CUST647,Male,59,Clothing,3,500,1500,2023-05,Senior,429.85,89,14.03,0.03
648,2023-08-14,CUST648,Male,53,Beauty,4,300,1200,2023-08,Senior,231.12,39,22.96,0.1
649,2023-02-09,CUST649,Female,58,Clothing,2,300,600,2023-02,Senior,267.52,44,10.83,0.05
650,2024-01-01,CUST650,Male,55,Electronics,1,30,30,2024-01,Senior,22.44,80,25.2,0.01
651,2023-05-27,CUST651,Male,51,Clothing,3,50,150,2023-05,Senior,37.64,85,24.72,0.04
652,2023-05-01,CUST652,Female,34,Beauty,2,50,100,2023-05,Young Adult,39.21,78,21.58,0.03
653,2023-05-20,CUST653,Male,54,Clothing,3,25,75,2023-05,Senior,20.58,39,17.68,0.08
654,2023-06-21,CUST654,Male,42,Clothing,3,25,75,2023-06,Adult,17.72,59,29.12,0.05
655,2023-06-13,CUST655,Female,55,Clothing,1,500,500,2023-06,Senior,402.63,90,19.47,0.01
656,2023-10-04,CUST656,Male,29,Beauty,3,30,90,2023-10,Young Adult,25.65,10,14.5,0.3
657,2023-02-11,CUST657,Male,40,Clothing,1,25,25,2023-02,Adult,17.56,54,29.76,0.02
658,2023-03-12,CUST658,Male,59,Clothing,1,25,25,2023-03,Senior,20.29,65,18.84,0.02
659,2023-03-19,CUST659,Female,39,Electronics,1,30,30,2023-03,Adult,22.32,84,25.6,0.01
660,2023-04-29,CUST660,Female,38,Beauty,2,500,1000,2023-04,Adult,353.61,37,29.28,0.05
661,2023-07-16,CUST661,Female,44,Clothing,4,25,100,2023-07,Adult,21.49,50,14.04,0.08
662,2023-12-22,CUST662,Male,48,Beauty,2,500,1000,2023-12,Adult,418.36,70,16.33,0.03
663,2023-03-20,CUST663,Male,23,Clothing,4,300,1200,2023-03,Youth,266.43,46,11.19,0.09
664,2023-12-28,CUST664,Female,44,Clothing,4,500,2000,2023-12,Adult,398.37,58,20.33,0.07
665,2023-04-20,CUST665,Male,57,Clothing,1,50,50,2023-04,Senior,35.97,53,28.06,0.02
666,2023-02-02,CUST666,Male,51,Electronics,3,50,150,2023-02,Senior,40.05,90,19.9,0.03
667,2023-08-01,CUST667,Female,29,Electronics,1,500,500,2023-08,Young Adult,370.76,68,25.85,0.01
668,2023-07-28,CUST668,Female,62,Electronics,3,50,150,2023-07,Senior,37.48,88,25.04,0.03
669,2023-06-19,CUST669,Male,24,Beauty,4,300,1200,2023-06,Youth,246.88,48,17.71,0.08
670,2023-10-05,CUST670,Male,27,Beauty,1,30,30,2023-10,Young Adult,23.37,40,22.1,0.02
671,2023-08-27,CUST671,Male,62,Electronics,3,50,150,2023-08,Senior,40.78,81,18.44,0.04
672,2023-08-01,CUST672,Female,34,Beauty,2,50,100,2023-08,Young Adult,37.04,24,25.92,0.08
673,2023-02-01,CUST673,Female,43,Clothing,3,500,1500,2023-02,Adult,376.93,77,24.61,0.04
674,2023-04-16,CUST674,Female,38,Clothing,1,300,300,2023-04,Adult,249.18,84,16.94,0.01
675,2023-08-04,CUST675,Female,45,Clothing,2,30,60,2023-08,Adult,24.96,52,16.8,0.04
676,2023-07-19,CUST676,Male,63,Electronics,3,500,1500,2023-07,Senior,386.39,38,22.72,0.08
677,2023-10-27,CUST677,Female,19,Beauty,3,500,1500,2023-10,Youth,426.1,16,14.78,0.19
678,2023-12-23,CUST678,Female,60,Electronics,3,300,900,2023-12,Senior,226.92,29,24.36,0.1
679,2023-01-11,CUST679,Female,18,Beauty,3,30,90,2023-01,Teen,25.81,66,13.97,0.05
680,2023-10-22,CUST680,Female,53,Clothing,3,300,900,2023-10,Senior,216.71,40,27.76,0.08
681,2023-07-14,CUST681,Female,43,Electronics,2,30,60,2023-07,Adult,21.96,67,26.8,0.03
682,2023-09-02,CUST682,Male,46,Beauty,4,300,1200,2023-09,Adult,234.02,25,21.99,0.16
683,2023-01-04,CUST683,Male,38,Beauty,2,500,1000,2023-01,Adult,396.8,16,20.64,0.12
684,2023-06-30,CUST684,Female,28,Clothing,2,500,1000,2023-06,Young Adult,395.73,32,20.85,0.06
685,2023-06-02,CUST685,Male,57,Electronics,2,25,50,2023-06,Senior,22.04,68,11.84,0.03
686,2023-07-19,CUST686,Female,28,Electronics,4,50,200,2023-07,Young Adult,37.45,10,25.1,0.4
687,2023-08-03,CUST687,Female,53,Electronics,1,300,300,2023-08,Senior,257.36,26,14.21,0.04
688,2023-10-03,CUST688,Male,56,Clothing,4,25,100,2023-10,Senior,18.14,63,27.44,0.06
689,2023-10-07,CUST689,Male,57,Electronics,2,50,100,2023-10,Senior,39.76,52,20.48,0.04
690,2023-11-05,CUST690,Female,52,Clothing,3,300,900,2023-11,Senior,225.94,58,24.69,0.05
691,2023-04-23,CUST691,Female,51,Clothing,3,30,90,2023-04,Senior,25.56,44,14.8,0.07
692,2023-09-07,CUST692,Female,64,Clothing,2,50,100,2023-09,Senior,41.3,77,17.4,0.03
693,2023-04-23,CUST693,Male,41,Beauty,3,500,1500,2023-04,Adult,432.14,20,13.57,0.15
694,2023-05-20,CUST694,Female,39,Electronics,2,25,50,2023-05,Adult,19.67,38,21.32,0.05
695,2023-08-12,CUST695,Female,22,Electronics,3,50,150,2023-08,Youth,40.52,45,18.96,0.07
696,2023-09-06,CUST696,Female,50,Clothing,4,50,200,2023-09,Adult,44.11,77,11.78,0.05
697,2023-01-15,CUST697,Male,53,Clothing,1,500,500,2023-01,Senior,373.31,89,25.34,0.01
698,2023-07-19,CUST698,Female,64,Electronics,1,300,300,2023-07,Senior,210.21,21,29.93,0.05
699,2023-06-22,CUST699,Female,37,Clothing,4,30,120,2023-06,Adult,23.16,37,22.8,0.11
700,2023-12-09,CUST700,Male,36,Electronics,4,500,2000,2023-12,Adult,387.97,37,22.41,0.11
701,2023-12-14,CUST701,Female,52,Beauty,2,30,60,2023-12,Senior,26.66,41,11.13,0.05
702,2023-07-27,CUST702,Female,60,Clothing,2,300,600,2023-07,Senior,245.16,64,18.28,0.03
703,2023-03-26,CUST703,Male,34,Electronics,2,50,100,2023-03,Young Adult,38.62,10,22.76,0.2
704,2023-08-28,CUST704,Female,62,Clothing,3,30,90,2023-08,Senior,23.99,72,20.03,0.04
705,2023-03-07,CUST705,Male,60,Electronics,2,25,50,2023-03,Senior,19.15,63,23.4,0.03
706,2023-11-15,CUST706,Male,51,Electronics,4,25,100,2023-11,Senior,19.2,84,23.2,0.05
707,2023-10-01,CUST707,Female,26,Clothing,1,500,500,2023-10,Young Adult,436.14,57,12.77,0.02
708,2023-01-14,CUST708,Female,43,Beauty,3,300,900,2023-01,Adult,212.98,56,29.01,0.05
709,2023-07-21,CUST709,Female,19,Electronics,2,500,1000,2023-07,Youth,373.22,80,25.36,0.02
710,2023-10-31,CUST710,Female,26,Electronics,3,500,1500,2023-10,Young Adult,406.86,36,18.63,0.08
711,2023-10-16,CUST711,Male,26,Electronics,3,500,1500,2023-10,Young Adult,437.94,69,12.41,0.04
712,2023-12-06,CUST712,Female,57,Beauty,2,25,50,2023-12,Senior,19.82,24,20.72,0.08
713,2023-01-14,CUST713,Male,34,Beauty,3,25,75,2023-01,Young Adult,18.88,65,24.48,0.05
714,2023-02-12,CUST714,Female,18,Clothing,1,500,500,2023-02,Teen,372.86,72,25.43,0.01
715,2023-11-26,CUST715,Female,42,Beauty,4,25,100,2023-11,Adult,21.08,29,15.68,0.14
716,2023-08-08,CUST716,Female,60,Clothing,4,300,1200,2023-08,Senior,233.0,41,22.33,0.1
717,2023-03-11,CUST717,Male,57,Clothing,1,500,500,2023-03,Senior,424.7,66,15.06,0.02
718,2023-08-25,CUST718,Female,59,Beauty,3,25,75,2023-08,Senior,22.3,15,10.8,0.2
719,2023-04-04,CUST719,Female,42,Clothing,2,30,60,2023-04,Adult,22.79,58,24.03,0.03
720,2023-01-26,CUST720,Female,56,Beauty,3,500,1500,2023-01,Senior,439.87,74,12.03,0.04
721,2023-05-14,CUST721,Female,52,Clothing,1,500,500,2023-05,Senior,446.28,78,10.74,0.01
722,2023-07-14,CUST722,Male,20,Beauty,3,300,900,2023-07,Youth,224.4,71,25.2,0.04
723,2023-06-17,CUST723,Female,54,Beauty,4,50,200,2023-06,Senior,42.56,62,14.88,0.06
724,2023-04-19,CUST724,Male,61,Clothing,3,50,150,2023-04,Senior,42.98,32,14.04,0.09
725,2023-08-21,CUST725,Male,61,Electronics,1,300,300,2023-08,Senior,262.83,52,12.39,0.02
726,2023-06-17,CUST726,Male,47,Clothing,4,300,1200,2023-06,Adult,217.63,39,27.46,0.1
727,2023-06-22,CUST727,Male,55,Beauty,3,300,900,2023-06,Senior,254.8,21,15.07,0.14
728,2023-07-14,CUST728,Male,51,Electronics,3,50,150,2023-07,Senior,38.77,74,22.46,0.04
729,2023-05-23,CUST729,Male,29,Clothing,4,300,1200,2023-05,Young Adult,258.08,66,13.97,0.06
730,2023-08-04,CUST730,Female,36,Clothing,2,25,50,2023-08,Adult,22.38,60,10.48,0.03
731,2023-05-10,CUST731,Male,54,Clothing,4,500,2000,2023-05,Senior,358.0,37,28.4,0.11
732,2023-02-11,CUST732,Male,61,Electronics,2,500,1000,2023-02,Senior,439.57,39,12.09,0.05
733,2023-08-29,CUST733,Male,34,Beauty,1,30,30,2023-08,Young Adult,24.32,11,18.93,0.09
734,2023-01-10,CUST734,Female,27,Clothing,1,30,30,2023-01,Young Adult,26.72,18,10.93,0.06
735,2023-10-04,CUST735,Female,64,Clothing,4,500,2000,2023-10,Senior,443.1,15,11.38,0.27
736,2023-01-27,CUST736,Male,29,Clothing,4,25,100,2023-01,Young Adult,20.47,44,18.12,0.09
737,2023-06-29,CUST737,Female,33,Clothing,1,50,50,2023-06,Young Adult,39.03,88,21.94,0.01
738,2023-04-25,CUST738,Male,41,Clothing,2,50,100,2023-04,Adult,41.28,56,17.44,0.04
739,2023-11-29,CUST739,Male,36,Beauty,1,25,25,2023-11,Adult,19.95,12,20.2,0.08
740,2023-02-05,CUST740,Female,25,Beauty,4,50,200,2023-02,Youth,36.25,77,27.5,0.05
741,2023-11-30,CUST741,Male,48,Clothing,1,300,300,2023-11,Adult,218.16,11,27.28,0.09
742,2023-01-21,CUST742,Female,38,Electronics,4,500,2000,2023-01,Adult,431.55,63,13.69,0.06
743,2023-01-16,CUST743,Female,34,Beauty,4,500,2000,2023-01,Young Adult,434.83,31,13.03,0.13
744,2023-05-07,CUST744,Male,40,Electronics,1,25,25,2023-05,Adult,19.62,80,21.52,0.01
745,2023-04-13,CUST745,Male,54,Beauty,2,50,100,2023-04,Senior,44.05,82,11.9,0.02
746,2023-01-11,CUST746,Female,33,Clothing,3,30,90,2023-01,Young Adult,24.14,22,19.53,0.14
747,2023-11-15,CUST747,Male,23,Beauty,1,30,30,2023-11,Youth,21.41,28,28.63,0.04
748,2023-03-20,CUST748,Male,25,Clothing,3,50,150,2023-03,Youth,39.42,67,21.16,0.04
749,2023-05-03,CUST749,Male,42,Beauty,1,30,30,2023-05,Adult,24.91,13,16.97,0.08
750,2023-03-06,CUST750,Female,35,Clothing,3,25,75,2023-03,Young Adult,18.59,54,25.64,0.06
751,2023-08-31,CUST751,Female,42,Clothing,2,25,50,2023-08,Adult,19.8,66,20.8,0.03
752,2023-12-09,CUST752,Male,29,Clothing,2,50,100,2023-12,Young Adult,40.93,29,18.14,0.07
753,2023-02-28,CUST753,Female,32,Clothing,1,30,30,2023-02,Young Adult,26.08,74,13.07,0.01
754,2023-10-16,CUST754,Female,43,Electronics,4,25,100,2023-10,Adult,20.06,48,19.76,0.08
755,2023-04-22,CUST755,Female,58,Clothing,3,25,75,2023-04,Senior,19.54,18,21.84,0.17
756,2023-08-27,CUST756,Female,62,Electronics,4,300,1200,2023-08,Senior,263.83,69,12.06,0.06
757,2023-12-25,CUST757,Female,43,Electronics,4,300,1200,2023-12,Adult,240.06,29,19.98,0.14
758,2023-05-12,CUST758,Male,64,Clothing,4,25,100,2023-05,Senior,19.36,30,22.56,0.13
759,2023-07-08,CUST759,Male,49,Electronics,2,50,100,2023-07,Adult,41.8,56,16.4,0.04
760,2023-03-27,CUST760,Male,27,Beauty,1,500,500,2023-03,Young Adult,382.04,37,23.59,0.03
761,2023-11-07,CUST761,Female,33,Clothing,1,500,500,2023-11,Young Adult,358.46,59,28.31,0.02
762,2023-11-07,CUST762,Female,24,Electronics,2,25,50,2023-11,Youth,17.63,61,29.48,0.03
763,2023-02-28,CUST763,Male,34,Clothing,2,25,50,2023-02,Young Adult,19.92,34,20.32,0.06
764,2023-03-25,CUST764,Female,40,Clothing,1,25,25,2023-03,Adult,19.1,51,23.6,0.02
765,2023-06-09,CUST765,Male,43,Clothing,4,50,200,2023-06,Adult,40.68,89,18.64,0.04
766,2023-02-25,CUST766,Male,38,Electronics,3,300,900,2023-02,Adult,234.85,21,21.72,0.14
767,2023-10-24,CUST767,Male,39,Beauty,3,25,75,2023-10,Adult,17.71,37,29.16,0.08
768,2023-01-14,CUST768,Female,24,Beauty,3,25,75,2023-01,Youth,18.24,76,27.04,0.04
769,2023-06-09,CUST769,Female,31,Electronics,4,30,120,2023-06,Young Adult,23.21,32,22.63,0.12
770,2023-10-22,CUST770,Male,32,Clothing,1,50,50,2023-10,Young Adult,40.05,42,19.9,0.02
771,2023-12-13,CUST771,Male,24,Electronics,2,25,50,2023-12,Youth,21.01,36,15.96,0.06
772,2023-07-12,CUST772,Male,26,Electronics,1,30,30,2023-07,Young Adult,22.5,80,25.0,0.01
773,2023-07-23,CUST773,Male,25,Electronics,4,500,2000,2023-07,Youth,381.35,69,23.73,0.06
774,2023-04-12,CUST774,Female,40,Clothing,2,25,50,2023-04,Adult,21.76,33,12.96,0.06
775,2023-02-08,CUST775,Female,46,Electronics,4,25,100,2023-02,Adult,19.63,68,21.48,0.06
776,2023-10-31,CUST776,Male,35,Clothing,3,30,90,2023-10,Young Adult,22.26,80,25.8,0.04
777,2023-12-20,CUST777,Male,48,Electronics,3,50,150,2023-12,Adult,35.67,46,28.66,0.07
778,2023-11-18,CUST778,Female,47,Beauty,4,25,100,2023-11,Adult,17.51,17,29.96,0.24
779,2023-05-05,CUST779,Female,56,Electronics,2,500,1000,2023-05,Senior,428.9,69,14.22,0.03
780,2023-02-22,CUST780,Male,52,Electronics,2,25,50,2023-02,Senior,20.22,16,19.12,0.12
781,2023-12-23,CUST781,Male,35,Beauty,1,500,500,2023-12,Young Adult,445.18,28,10.96,0.04
782,2023-06-04,CUST782,Male,59,Clothing,3,300,900,2023-06,Senior,263.91,88,12.03,0.03
783,2023-12-17,CUST783,Female,56,Clothing,1,300,300,2023-12,Senior,227.79,32,24.07,0.03
784,2023-11-04,CUST784,Female,34,Electronics,1,500,500,2023-11,Young Adult,426.34,45,14.73,0.02
785,2023-03-03,CUST785,Female,31,Beauty,4,50,200,2023-03,Young Adult,44.74,31,10.52,0.13
786,2023-10-17,CUST786,Male,48,Clothing,4,25,100,2023-10,Adult,21.69,88,13.24,0.05
787,2023-01-22,CUST787,Male,41,Electronics,1,25,25,2023-01,Adult,20.83,73,16.68,0.01
788,2023-06-27,CUST788,Female,52,Beauty,3,300,900,2023-06,Senior,212.78,20,29.07,0.15
789,2023-09-30,CUST789,Female,61,Clothing,4,500,2000,2023-09,Senior,425.73,37,14.85,0.11
790,2023-08-08,CUST790,Male,62,Clothing,1,25,25,2023-08,Senior,17.8,51,28.8,0.02
791,2023-12-05,CUST791,Female,51,Beauty,1,25,25,2023-12,Senior,20.04,67,19.84,0.01
792,2023-07-09,CUST792,Female,20,Beauty,1,50,50,2023-07,Youth,35.75,64,28.5,0.02
793,2023-02-05,CUST793,Male,54,Beauty,1,30,30,2023-02,Senior,22.79,30,24.03,0.03
794,2023-09-17,CUST794,Female,60,Beauty,1,300,300,2023-09,Senior,256.0,25,14.67,0.04
795,2023-11-28,CUST795,Male,57,Electronics,1,300,300,2023-11,Senior,255.39,40,14.87,0.02
796,2023-06-24,CUST796,Male,43,Beauty,4,30,120,2023-06,Adult,24.84,31,17.2,0.13
797,2023-01-07,CUST797,Male,40,Clothing,3,25,75,2023-01,Adult,18.14,17,27.44,0.18
798,2023-08-04,CUST798,Male,61,Clothing,1,50,50,2023-08,Senior,40.2,17,19.6,0.06
799,2023-09-08,CUST799,Male,56,Electronics,2,50,100,2023-09,Senior,36.3,32,27.4,0.06
800,2023-02-24,CUST800,Male,32,Clothing,4,300,1200,2023-02,Young Adult,216.43,23,27.86,0.17
801,2023-08-10,CUST801,Male,21,Clothing,4,50,200,2023-08,Youth,38.95,78,22.1,0.05
802,2023-07-05,CUST802,Female,46,Beauty,1,30,30,2023-07,Adult,24.99,17,16.7,0.06
803,2023-11-22,CUST803,Male,39,Clothing,4,25,100,2023-11,Adult,20.62,90,17.52,0.04
804,2023-08-24,CUST804,Male,42,Electronics,1,30,30,2023-08,Adult,25.43,46,15.23,0.02
805,2023-12-29,CUST805,Female,30,Beauty,3,500,1500,2023-12,Young Adult,373.34,19,25.33,0.16
806,2023-03-20,CUST806,Female,35,Beauty,3,300,900,2023-03,Young Adult,230.16,55,23.28,0.05
807,2023-08-11,CUST807,Female,50,Electronics,4,50,200,2023-08,Adult,35.93,32,28.14,0.12
808,2023-04-01,CUST808,Male,33,Beauty,4,500,2000,2023-04,Young Adult,396.48,46,20.7,0.09
809,2023-09-25,CUST809,Female,62,Beauty,2,50,100,2023-09,Senior,35.01,11,29.98,0.18
810,2023-11-30,CUST810,Male,59,Electronics,4,25,100,2023-11,Senior,18.94,27,24.24,0.15
811,2023-05-19,CUST811,Male,61,Beauty,2,25,50,2023-05,Senior,22.36,52,10.56,0.04
812,2023-11-12,CUST812,Male,19,Electronics,3,25,75,2023-11,Youth,19.34,26,22.64,0.12
813,2023-10-03,CUST813,Male,52,Electronics,3,50,150,2023-10,Senior,41.13,87,17.74,0.03
814,2023-09-05,CUST814,Female,59,Clothing,1,500,500,2023-09,Senior,413.97,67,17.21,0.01
815,2023-08-27,CUST815,Female,51,Clothing,3,25,75,2023-08,Senior,19.17,66,23.32,0.05
816,2023-08-12,CUST816,Male,47,Beauty,2,500,1000,2023-08,Adult,364.25,88,27.15,0.02
817,2023-10-31,CUST817,Male,30,Beauty,4,50,200,2023-10,Young Adult,41.4,30,17.2,0.13
818,2023-05-18,CUST818,Male,30,Electronics,1,500,500,2023-05,Young Adult,352.26,38,29.55,0.03
819,2023-06-15,CUST819,Female,35,Beauty,2,50,100,2023-06,Young Adult,39.15,65,21.7,0.03
820,2023-05-06,CUST820,Male,49,Electronics,4,50,200,2023-05,Adult,39.58,70,20.84,0.06
821,2023-02-14,CUST821,Male,49,Electronics,1,300,300,2023-02,Adult,239.58,22,20.14,0.05
822,2023-05-23,CUST822,Female,52,Beauty,3,50,150,2023-05,Senior,38.88,31,22.24,0.1
823,2023-08-19,CUST823,Female,56,Electronics,2,50,100,2023-08,Senior,35.12,17,29.76,0.12
824,2023-05-05,CUST824,Male,63,Clothing,4,30,120,2023-05,Senior,21.93,18,26.9,0.22
825,2023-08-26,CUST825,Female,46,Beauty,1,25,25,2023-08,Adult,19.97,11,20.12,0.09
826,2023-10-19,CUST826,Female,46,Clothing,1,300,300,2023-10,Adult,222.91,60,25.7,0.02
827,2023-11-09,CUST827,Male,61,Beauty,3,300,900,2023-11,Senior,243.95,52,18.68,0.06
828,2023-12-09,CUST828,Female,33,Electronics,4,300,1200,2023-12,Young Adult,247.26,13,17.58,0.31
829,2023-07-14,CUST829,Male,61,Beauty,3,30,90,2023-07,Senior,24.58,65,18.07,0.05
830,2023-06-22,CUST830,Female,64,Clothing,3,50,150,2023-06,Senior,44.22,29,11.56,0.1
831,2023-01-15,CUST831,Male,27,Electronics,4,25,100,2023-01,Young Adult,18.6,30,25.6,0.13
832,2023-09-11,CUST832,Male,47,Beauty,4,500,2000,2023-09,Adult,376.62,27,24.68,0.15
833,2023-06-16,CUST833,Male,42,Beauty,4,50,200,2023-06,Adult,38.1,60,23.8,0.07
834,2023-04-04,CUST834,Female,56,Beauty,2,30,60,2023-04,Senior,24.69,48,17.7,0.04
835,2023-09-07,CUST835,Male,37,Clothing,4,50,200,2023-09,Adult,40.61,49,18.78,0.08
836,2023-04-19,CUST836,Female,22,Clothing,1,50,50,2023-04,Youth,35.19,70,29.62,0.01
837,2023-07-01,CUST837,Male,18,Beauty,3,30,90,2023-07,Teen,21.18,47,29.4,0.06
838,2023-05-13,CUST838,Male,47,Electronics,2,300,600,2023-05,Adult,219.75,61,26.75,0.03
839,2023-06-24,CUST839,Female,20,Electronics,4,300,1200,2023-06,Youth,250.48,20,16.51,0.2
840,2023-05-24,CUST840,Male,62,Clothing,2,25,50,2023-05,Senior,20.51,67,17.96,0.03
841,2023-11-02,CUST841,Male,31,Electronics,4,25,100,2023-11,Young Adult,18.34,34,26.64,0.12
842,2023-12-26,CUST842,Female,47,Clothing,2,300,600,2023-12,Adult,213.21,80,28.93,0.02
843,2023-05-22,CUST843,Male,21,Beauty,3,500,1500,2023-05,Youth,377.23,48,24.55,0.06
844,2023-10-12,CUST844,Male,35,Clothing,3,50,150,2023-10,Young Adult,35.87,34,28.26,0.09
845,2023-01-06,CUST845,Male,54,Clothing,1,500,500,2023-01,Senior,421.64,87,15.67,0.01
846,2023-09-22,CUST846,Male,42,Beauty,1,50,50,2023-09,Adult,44.9,47,10.2,0.02
847,2023-04-08,CUST847,Female,18,Electronics,4,300,1200,2023-04,Teen,234.31,13,21.9,0.31
848,2023-02-13,CUST848,Female,63,Clothing,3,25,75,2023-02,Senior,21.56,41,13.76,0.07
849,2023-05-04,CUST849,Male,32,Clothing,2,25,50,2023-05,Young Adult,19.44,30,22.24,0.07
850,2023-07-28,CUST850,Female,26,Beauty,2,500,1000,2023-07,Young Adult,350.16,51,29.97,0.04
851,2023-09-08,CUST851,Male,32,Electronics,2,25,50,2023-09,Young Adult,22.14,29,11.44,0.07
852,2023-10-12,CUST852,Female,41,Clothing,1,300,300,2023-10,Adult,268.82,39,10.39,0.03
853,2023-05-04,CUST853,Male,21,Beauty,2,500,1000,2023-05,Youth,439.56,26,12.09,0.08
854,2023-12-20,CUST854,Male,29,Clothing,1,50,50,2023-12,Young Adult,39.32,62,21.36,0.02
855,2023-09-01,CUST855,Male,54,Beauty,1,25,25,2023-09,Senior,18.98,32,24.08,0.03
856,2023-11-27,CUST856,Male,54,Electronics,4,30,120,2023-11,Senior,23.4,14,22.0,0.29
857,2023-12-31,CUST857,Male,60,Electronics,2,25,50,2023-12,Senior,21.73,53,13.08,0.04
858,2023-09-09,CUST858,Male,23,Electronics,2,50,100,2023-09,Youth,40.94,39,18.12,0.05
859,2023-08-18,CUST859,Female,56,Electronics,3,500,1500,2023-08,Senior,382.3,43,23.54,0.07
860,2023-01-09,CUST860,Male,63,Clothing,4,50,200,2023-01,Senior,40.23,27,19.54,0.15
861,2023-02-17,CUST861,Female,41,Clothing,3,30,90,2023-02,Adult,21.27,43,29.1,0.07
862,2023-05-31,CUST862,Male,28,Electronics,4,300,1200,2023-05,Young Adult,211.61,45,29.46,0.09
863,2023-04-24,CUST863,Female,30,Electronics,2,25,50,2023-04,Young Adult,20.53,28,17.88,0.07
864,2023-07-27,CUST864,Female,51,Electronics,1,500,500,2023-07,Senior,350.66,21,29.87,0.05
865,2023-12-21,CUST865,Female,42,Clothing,1,300,300,2023-12,Adult,247.39,50,17.54,0.02
866,2023-05-05,CUST866,Male,24,Electronics,1,50,50,2023-05,Youth,44.6,14,10.8,0.07
867,2023-06-06,CUST867,Male,21,Electronics,1,500,500,2023-06,Youth,422.14,26,15.57,0.04
868,2023-12-06,CUST868,Female,25,Electronics,1,300,300,2023-12,Youth,254.72,62,15.09,0.02
869,2023-10-25,CUST869,Male,37,Beauty,3,500,1500,2023-10,Adult,428.7,51,14.26,0.06
870,2023-07-08,CUST870,Female,46,Electronics,4,30,120,2023-07,Adult,24.29,84,19.03,0.05
871,2023-08-31,CUST871,Male,62,Beauty,2,30,60,2023-08,Senior,24.92,68,16.93,0.03
872,2023-10-11,CUST872,Female,63,Beauty,3,25,75,2023-10,Senior,17.7,40,29.2,0.08
873,2023-09-29,CUST873,Female,27,Electronics,4,25,100,2023-09,Young Adult,20.56,22,17.76,0.18
874,2023-06-26,CUST874,Male,60,Beauty,1,30,30,2023-06,Senior,24.93,24,16.9,0.04
875,2023-08-06,CUST875,Female,51,Electronics,4,500,2000,2023-08,Senior,431.72,43,13.66,0.09
876,2023-10-09,CUST876,Male,43,Clothing,4,30,120,2023-10,Adult,22.94,61,23.53,0.07
877,2023-06-19,CUST877,Female,58,Clothing,1,25,25,2023-06,Senior,20.67,79,17.32,0.01
878,2023-06-30,CUST878,Female,20,Clothing,1,30,30,2023-06,Youth,21.43,90,28.57,0.01
879,2023-12-26,CUST879,Male,23,Clothing,1,30,30,2023-12,Youth,23.15,56,22.83,0.02
880,2023-08-21,CUST880,Male,22,Beauty,2,500,1000,2023-08,Youth,361.98,86,27.6,0.02
881,2023-05-19,CUST881,Male,22,Electronics,1,300,300,2023-05,Youth,262.18,57,12.61,0.02
882,2023-06-06,CUST882,Female,64,Electronics,2,25,50,2023-06,Senior,19.98,83,20.08,0.02
883,2023-05-09,CUST883,Male,40,Electronics,1,500,500,2023-05,Adult,419.86,78,16.03,0.01
884,2023-04-29,CUST884,Female,26,Clothing,2,30,60,2023-04,Young Adult,21.89,38,27.03,0.05
885,2023-03-03,CUST885,Female,52,Clothing,4,30,120,2023-03,Senior,26.18,39,12.73,0.1
886,2023-04-09,CUST886,Male,37,Electronics,3,300,900,2023-04,Adult,235.02,77,21.66,0.04
887,2023-06-11,CUST887,Male,59,Clothing,4,25,100,2023-06,Senior,18.29,83,26.84,0.05
888,2023-03-03,CUST888,Female,52,Electronics,4,25,100,2023-03,Senior,22.08,14,11.68,0.29
889,2023-10-02,CUST889,Female,35,Electronics,1,50,50,2023-10,Young Adult,38.7,70,22.6,0.01
890,2023-12-20,CUST890,Male,34,Electronics,2,25,50,2023-12,Young Adult,19.14,38,23.44,0.05
891,2023-04-05,CUST891,Male,41,Electronics,3,300,900,2023-04,Adult,253.82,58,15.39,0.05
892,2023-04-09,CUST892,Male,20,Electronics,1,50,50,2023-04,Youth,41.83,52,16.34,0.02
893,2023-04-21,CUST893,Male,49,Electronics,1,50,50,2023-04,Adult,36.97,71,26.06,0.01
894,2023-09-05,CUST894,Male,52,Electronics,1,30,30,2023-09,Senior,21.1,74,29.67,0.01
895,2023-05-22,CUST895,Female,55,Clothing,4,30,120,2023-05,Senior,25.86,89,13.8,0.04
896,2023-10-29,CUST896,Female,30,Electronics,2,25,50,2023-10,Young Adult,19.83,87,20.68,0.02
897,2023-09-26,CUST897,Female,64,Electronics,2,50,100,2023-09,Senior,40.52,40,18.96,0.05
898,2023-11-02,CUST898,Female,42,Clothing,3,30,90,2023-11,Adult,26.3,67,12.33,0.04
899,2023-05-25,CUST899,Male,26,Clothing,2,300,600,2023-05,Young Adult,263.7,27,12.1,0.07
900,2023-02-21,CUST900,Male,21,Clothing,2,30,60,2023-02,Youth,24.15,11,19.5,0.18
901,2023-04-10,CUST901,Male,31,Electronics,1,30,30,2023-04,Young Adult,23.47,87,21.77,0.01
902,2023-06-01,CUST902,Female,54,Beauty,1,50,50,2023-06,Senior,40.75,26,18.5,0.04
903,2023-04-27,CUST903,Female,51,Beauty,4,50,200,2023-04,Senior,36.64,69,26.72,0.06
904,2023-07-04,CUST904,Male,28,Clothing,1,500,500,2023-07,Young Adult,364.22,36,27.16,0.03
905,2023-04-02,CUST905,Male,58,Beauty,1,300,300,2023-04,Senior,226.51,65,24.5,0.02
906,2023-06-04,CUST906,Female,20,Clothing,1,50,50,2023-06,Youth,39.29,25,21.42,0.04
907,2023-01-08,CUST907,Female,45,Electronics,1,25,25,2023-01,Adult,20.67,78,17.32,0.01
908,2023-12-29,CUST908,Male,46,Beauty,4,300,1200,2023-12,Adult,240.02,40,19.99,0.1
909,2023-10-01,CUST909,Male,26,Electronics,1,300,300,2023-10,Young Adult,227.6,65,24.13,0.02
910,2023-03-06,CUST910,Female,20,Beauty,3,50,150,2023-03,Youth,39.76,84,20.48,0.04
911,2023-05-21,CUST911,Male,42,Electronics,3,300,900,2023-05,Adult,219.94,11,26.69,0.27
912,2023-01-24,CUST912,Male,51,Beauty,3,50,150,2023-01,Senior,35.8,38,28.4,0.08
913,2023-01-28,CUST913,Male,29,Electronics,3,30,90,2023-01,Young Adult,23.02,33,23.27,0.09
914,2023-10-11,CUST914,Female,59,Electronics,1,500,500,2023-10,Senior,431.58,69,13.68,0.01
915,2023-05-30,CUST915,Female,26,Beauty,3,30,90,2023-05,Young Adult,24.74,32,17.53,0.09
916,2023-12-24,CUST916,Female,32,Electronics,1,50,50,2023-12,Young Adult,44.88,62,10.24,0.02
917,2023-03-06,CUST917,Female,57,Electronics,4,50,200,2023-03,Senior,42.64,82,14.72,0.05
918,2023-11-23,CUST918,Female,42,Electronics,3,30,90,2023-11,Adult,24.13,81,19.57,0.04
919,2023-09-09,CUST919,Female,22,Beauty,2,25,50,2023-09,Youth,21.02,67,15.92,0.03
920,2023-02-22,CUST920,Female,28,Beauty,3,25,75,2023-02,Young Adult,22.42,12,10.32,0.25
921,2023-01-07,CUST921,Male,51,Electronics,3,25,75,2023-01,Senior,18.85,29,24.6,0.1
922,2023-10-21,CUST922,Male,41,Electronics,1,50,50,2023-10,Adult,40.64,54,18.72,0.02
923,2023-05-26,CUST923,Male,32,Beauty,3,300,900,2023-05,Young Adult,218.61,70,27.13,0.04
924,2023-08-29,CUST924,Male,55,Beauty,2,50,100,2023-08,Senior,35.64,67,28.72,0.03
925,2023-09-03,CUST925,Male,25,Electronics,1,300,300,2023-09,Youth,223.87,20,25.38,0.05
926,2023-08-14,CUST926,Male,22,Electronics,1,30,30,2023-08,Youth,25.84,10,13.87,0.1
927,2023-06-24,CUST927,Male,43,Electronics,4,500,2000,2023-06,Adult,399.96,89,20.01,0.04
928,2023-04-05,CUST928,Female,35,Clothing,4,300,1200,2023-04,Young Adult,219.95,21,26.68,0.19
929,2023-01-27,CUST929,Female,23,Beauty,3,25,75,2023-01,Youth,20.65,25,17.4,0.12
930,2023-05-10,CUST930,Male,54,Clothing,4,50,200,2023-05,Senior,39.33,18,21.34,0.22
931,2023-09-02,CUST931,Male,30,Beauty,4,30,120,2023-09,Young Adult,26.76,88,10.8,0.05
932,2023-02-28,CUST932,Female,45,Beauty,4,25,100,2023-02,Adult,19.87,31,20.52,0.13
933,2023-02-03,CUST933,Male,22,Beauty,1,30,30,2023-02,Youth,23.58,87,21.4,0.01
934,2023-07-25,CUST934,Male,30,Beauty,1,500,500,2023-07,Young Adult,422.99,34,15.4,0.03
935,2023-09-09,CUST935,Female,34,Beauty,1,50,50,2023-09,Young Adult,41.57,87,16.86,0.01
936,2023-02-07,CUST936,Male,57,Beauty,4,50,200,2023-02,Senior,39.15,87,21.7,0.05
937,2023-10-23,CUST937,Female,62,Beauty,1,500,500,2023-10,Senior,414.75,79,17.05,0.01
938,2023-11-19,CUST938,Male,49,Clothing,4,50,200,2023-11,Adult,40.64,22,18.72,0.18
939,2023-12-18,CUST939,Female,46,Electronics,1,300,300,2023-12,Adult,233.09,20,22.3,0.05
940,2023-01-28,CUST940,Female,20,Electronics,1,30,30,2023-01,Youth,25.55,82,14.83,0.01
941,2023-03-19,CUST941,Female,57,Clothing,2,25,50,2023-03,Senior,18.99,27,24.04,0.07
942,2023-03-18,CUST942,Male,51,Clothing,3,500,1500,2023-03,Senior,408.95,14,18.21,0.21
943,2023-10-16,CUST943,Female,57,Clothing,4,300,1200,2023-10,Senior,215.34,90,28.22,0.04
944,2023-06-05,CUST944,Male,44,Clothing,2,25,50,2023-06,Adult,18.99,70,24.04,0.03
945,2023-02-13,CUST945,Male,30,Beauty,1,25,25,2023-02,Young Adult,21.74,13,13.04,0.08
946,2023-05-08,CUST946,Male,62,Electronics,4,500,2000,2023-05,Senior,406.95,74,18.61,0.05
947,2023-03-02,CUST947,Male,50,Beauty,1,300,300,2023-03,Adult,231.45,41,22.85,0.02
948,2023-10-13,CUST948,Female,23,Electronics,3,25,75,2023-10,Youth,19.25,80,23.0,0.04
949,2023-08-02,CUST949,Female,41,Electronics,2,25,50,2023-08,Adult,21.04,16,15.84,0.12
950,2023-11-07,CUST950,Male,36,Clothing,3,300,900,2023-11,Adult,236.13,43,21.29,0.07
951,2023-11-02,CUST951,Male,33,Beauty,2,50,100,2023-11,Young Adult,36.15,63,27.7,0.03
952,2023-11-13,CUST952,Female,57,Clothing,1,25,25,2023-11,Senior,19.55,28,21.8,0.04
953,2023-04-26,CUST953,Male,45,Beauty,3,30,90,2023-04,Adult,21.94,83,26.87,0.04
954,2023-09-25,CUST954,Female,50,Electronics,3,300,900,2023-09,Adult,230.67,60,23.11,0.05
955,2023-07-14,CUST955,Male,58,Clothing,1,25,25,2023-07,Senior,19.88,28,20.48,0.04
956,2023-08-19,CUST956,Male,30,Clothing,3,500,1500,2023-08,Young Adult,422.91,52,15.42,0.06
957,2023-08-15,CUST957,Female,60,Electronics,4,30,120,2023-08,Senior,22.13,10,26.23,0.4
958,2023-06-02,CUST958,Male,62,Electronics,2,25,50,2023-06,Senior,17.74,19,29.04,0.11
959,2023-10-29,CUST959,Female,42,Electronics,2,30,60,2023-10,Adult,26.53,84,11.57,0.02
960,2023-08-08,CUST960,Male,59,Clothing,2,30,60,2023-08,Senior,25.69,89,14.37,0.02
961,2023-06-06,CUST961,Male,53,Beauty,4,50,200,2023-06,Senior,43.17,86,13.66,0.05
962,2023-10-19,CUST962,Male,44,Clothing,2,30,60,2023-10,Adult,21.48,70,28.4,0.03
963,2023-11-14,CUST963,Female,55,Beauty,1,50,50,2023-11,Senior,43.62,43,12.76,0.02
964,2023-01-31,CUST964,Male,24,Clothing,3,300,900,2023-01,Youth,212.8,14,29.07,0.21
965,2023-11-09,CUST965,Male,22,Clothing,4,50,200,2023-11,Youth,42.16,50,15.68,0.08
966,2023-02-20,CUST966,Male,60,Electronics,2,500,1000,2023-02,Senior,420.65,31,15.87,0.06
967,2023-04-17,CUST967,Male,62,Beauty,1,25,25,2023-04,Senior,21.2,54,15.2,0.02
968,2023-11-17,CUST968,Female,48,Clothing,3,300,900,2023-11,Adult,216.21,53,27.93,0.06
969,2023-04-19,CUST969,Female,40,Clothing,3,300,900,2023-04,Adult,249.4,81,16.87,0.04
970,2023-05-16,CUST970,Male,59,Electronics,4,500,2000,2023-05,Senior,362.55,45,27.49,0.09
971,2023-12-05,CUST971,Female,27,Electronics,4,50,200,2023-12,Young Adult,41.34,76,17.32,0.05
972,2023-02-11,CUST972,Male,49,Beauty,4,25,100,2023-02,Adult,21.64,41,13.44,0.1
973,2023-03-22,CUST973,Male,60,Clothing,1,50,50,2023-03,Senior,44.99,81,10.02,0.01
974,2023-05-03,CUST974,Male,47,Beauty,1,30,30,2023-05,Adult,25.76,82,14.13,0.01
975,2023-03-30,CUST975,Female,56,Clothing,4,50,200,2023-03,Senior,44.36,55,11.28,0.07
976,2023-10-10,CUST976,Female,48,Beauty,2,300,600,2023-10,Adult,224.61,37,25.13,0.05
977,2023-02-08,CUST977,Female,35,Electronics,3,25,75,2023-02,Young Adult,19.36,44,22.56,0.07
978,2023-03-22,CUST978,Female,53,Clothing,3,50,150,2023-03,Senior,35.03,37,29.94,0.08
979,2023-01-02,CUST979,Female,19,Beauty,1,25,25,2023-01,Youth,21.59,54,13.64,0.02
980,2023-07-29,CUST980,Female,31,Electronics,3,25,75,2023-07,Young Adult,18.5,20,26.0,0.15
981,2023-08-19,CUST981,Female,30,Electronics,2,30,60,2023-08,Young Adult,24.59,41,18.03,0.05
982,2023-12-19,CUST982,Female,46,Beauty,3,30,90,2023-12,Adult,23.96,69,20.13,0.04
983,2023-11-01,CUST983,Female,29,Clothing,1,300,300,2023-11,Young Adult,211.27,81,29.58,0.01
984,2023-08-29,CUST984,Male,56,Clothing,1,500,500,2023-08,Senior,398.09,60,20.38,0.02
985,2023-05-30,CUST985,Female,19,Electronics,2,25,50,2023-05,Youth,18.49,49,26.04,0.04
986,2023-01-17,CUST986,Female,49,Clothing,2,500,1000,2023-01,Adult,421.17,65,15.77,0.03
987,2023-04-29,CUST987,Female,30,Clothing,3,300,900,2023-04,Young Adult,224.4,13,25.2,0.23
988,2023-05-28,CUST988,Female,63,Clothing,3,25,75,2023-05,Senior,21.63,78,13.48,0.04
989,2023-12-28,CUST989,Female,44,Electronics,1,25,25,2023-12,Adult,21.1,58,15.6,0.02
990,2023-05-25,CUST990,Female,58,Beauty,2,500,1000,2023-05,Senior,424.18,56,15.16,0.04
991,2023-12-26,CUST991,Female,34,Clothing,2,50,100,2023-12,Young Adult,41.75,53,16.5,0.04
992,2023-08-21,CUST992,Female,57,Electronics,2,30,60,2023-08,Senior,26.4,52,12.0,0.04
993,2023-02-06,CUST993,Female,48,Electronics,3,50,150,2023-02,Adult,41.27,68,17.46,0.04
994,2023-12-18,CUST994,Female,51,Beauty,2,500,1000,2023-12,Senior,372.06,44,25.59,0.05
995,2023-04-30,CUST995,Female,41,Clothing,1,30,30,2023-04,Adult,21.2,67,29.33,0.01
996,2023-05-16,CUST996,Male,62,Clothing,1,50,50,2023-05,Senior,40.05,29,19.9,0.03
997,2023-11-17,CUST997,Male,52,Beauty,3,30,90,2023-11,Senior,24.14,31,19.53,0.1
998,2023-10-29,CUST998,Female,23,Beauty,4,25,100,2023-10,Youth,18.89,50,24.44,0.08
999,2023-12-05,CUST999,Female,36,Electronics,3,50,150,2023-12,Adult,36.24,78,27.52,0.04
1000,2023-04-12,CUST1000,Male,47,Electronics,4,30,120,2023-04,Adult,23.52,58,21.6,0.07
